"TEAMID";"LAPNR";"PREDICTEDSTARTTIME";"LAPTIME";"ATHLETE_ID"
"4049";"1";"2021-08-21 10:03:00";"1800";"19220"
"4049";"2";"2021-08-21 10:33:00";"1500";"19222"
"4049";"3";"2021-08-21 10:58:00";"1500";"19222"
"4049";"4";"2021-08-21 11:23:00";"1200";"19223"
"4070";"4";"2021-08-21 11:06:38";"1440";"20200"
"4058";"5";"2021-08-21 11:27:22";"1440";"20106"
"4058";"6";"2021-08-21 11:51:22";"1800";"20107"
"4030";"6";"2021-08-21 12:08:14";"1620";"19947"
"4040";"8";"2021-08-21 12:48:28";"1380";"19989"
"4052";"4";"2021-08-21 11:14:33";"1500";"20060"
"4052";"5";"2021-08-21 11:39:33";"1500";"20061"
"4058";"7";"2021-08-21 12:20:27";"1440";"20108"
"4040";"5";"2021-08-21 11:33:53";"1560";"19990"
"4033";"4";"2021-08-21 11:23:07";"1800";"19958"
"4033";"5";"2021-08-21 11:53:07";"1560";"19960"
"4033";"6";"2021-08-21 12:19:07";"1380";"19959"
"4033";"7";"2021-08-21 12:42:07";"1560";"19957"
"4033";"8";"2021-08-21 13:08:07";"1800";"19958"
"4033";"9";"2021-08-21 13:38:07";"1800";"19958"
"4070";"10";"2021-08-21 13:25:39";"1380";"20198"
"4070";"11";"2021-08-21 13:48:39";"1800";"20204"
"4070";"12";"2021-08-21 14:18:39";"1440";"20200"
"4070";"13";"2021-08-21 14:42:39";"1380";"20199"
"4070";"14";"2021-08-21 15:05:39";"1800";"20201"
"4032";"13";"2021-08-21 14:50:04";"1500";"19953"
"4032";"14";"2021-08-21 15:15:04";"1440";"19954"
"4032";"15";"2021-08-21 15:39:04";"1440";"19955"
"4058";"16";"2021-08-21 15:57:22";"1440";"20105"
"4030";"15";;;"19947"
"4030";"16";"2021-08-21 16:30:06";"1440";"19946"
"4040";"10";"2021-08-21 13:34:06";"1620";"19991"
"4030";"10";"2021-08-21 13:51:16";"1620";"19947"
"4053";"10";"2021-08-21 13:58:39";"1620";"20070"
"4053";"11";"2021-08-21 14:25:39";"1500";"20069"
"4053";"12";"2021-08-21 14:50:39";"1620";"20070"
"4030";"17";"2021-08-21 16:53:04";"1620";"19947"
"4030";"18";"2021-08-21 17:20:04";"1620";"19945"
"4030";"12";"2021-08-21 14:42:59";"1440";"19946"
"4030";"13";"2021-08-21 15:08:40";"1620";"19945"
"4040";"14";"2021-08-21 15:16:05";"1500";"19987"
"4033";"13";"2021-08-21 15:21:09";"1800";"19958"
"4053";"13";"2021-08-21 15:16:18";"1620";"20071"
"4053";"14";"2021-08-21 15:43:18";"1620";"20072"
"4053";"15";"2021-08-21 16:10:18";"1620";"20071"
"4030";"19";"2021-08-21 17:47:19";"1620";"19947"
"3997";"21";"2021-08-21 18:05:59";"1440";"18993"
"4032";"16";"2021-08-21 16:05:13";"1440";"19956"
"4039";"14";"2021-08-21 16:18:54";"1320";"19982"
"4039";"15";"2021-08-21 16:40:54";"1320";"19982"
"4032";"17";"2021-08-21 16:29:54";"1560";"19953"
"4032";"18";"2021-08-21 16:55:54";"1440";"19954"
"4032";"19";"2021-08-21 17:19:54";"1440";"19955"
"4058";"19";"2021-08-21 17:07:32";"1440";"20106"
"4053";"16";"2021-08-21 16:36:45";"1620";"20072"
"3968";"2";"2021-08-21 10:09:00";"1800";"18928"
"3968";"3";"2021-08-21 10:39:00";"1800";"18928"
"3968";"11";"2021-08-21 11:09:00";"1800";"18928"
"3968";"30";"2021-08-21 11:39:00";"1800";"18928"
"3968";"60";"2021-08-21 12:09:00";"1800";"18928"
"4053";"1";"2021-08-21 10:00:00";"1800";"20065"
"4054";"2";"2021-08-21 10:17:56";"1800";"20074"
"4054";"3";"2021-08-21 10:47:56";"1800";"20075"
"4054";"4";"2021-08-21 11:17:56";"1800";"20076"
"4054";"5";"2021-08-21 11:47:56";"1800";"20077"
"4054";"6";"2021-08-21 12:17:56";"1800";"20078"
"4054";"7";"2021-08-21 12:47:56";"1800";"20079"
"4054";"8";"2021-08-21 13:17:56";"1800";"20080"
"4054";"9";"2021-08-21 13:47:56";"1800";"20073"
"4054";"10";"2021-08-21 14:17:56";"1800";"20074"
"4054";"11";"2021-08-21 14:47:56";"1800";"20075"
"4054";"12";"2021-08-21 15:17:56";"1800";"20076"
"4054";"13";"2021-08-21 15:47:56";"1800";"20077"
"4054";"14";"2021-08-21 16:17:56";"1800";"20078"
"4034";"1";"2021-08-21 10:06:00";"900";"19961"
"4040";"2";"2021-08-21 10:20:13";"1800";"19989"
"4040";"3";"2021-08-21 10:42:47";"1500";"19987"
"4040";"4";"2021-08-21 11:07:47";"1800";"19991"
"4053";"17";"2021-08-21 17:03:45";"1620";"20065"
"4053";"18";"2021-08-21 17:30:45";"1320";"20066"
"4053";"19";"2021-08-21 17:52:45";"1620";"20065"
"4053";"20";"2021-08-21 18:19:45";"1320";"20066"
"4053";"21";"2021-08-21 18:41:45";"1620";"20067"
"4053";"22";"2021-08-21 19:08:45";"1920";"20068"
"4053";"23";"2021-08-21 19:40:45";"1620";"20067"
"4053";"24";"2021-08-21 20:07:45";"1920";"20068"
"4030";"24";;;"19946"
"4034";"29";"2021-08-21 20:46:32";"1560";"19964"
"4030";"25";"2021-08-21 20:35:09";"1620";"19945"
"4067";"30";;;"20173"
"4067";"31";"2021-08-21 20:50:32";"1320";"20173"
"4070";"3";;;"20204"
"4052";"2";"2021-08-21 10:23:44";"1620";"20060"
"4058";"3";"2021-08-21 10:38:21";"1800";"20112"
"4070";"2";;;"20198"
"4034";"3";"2021-08-21 10:45:03";"1320";"19963"
"4070";"5";"2021-08-21 11:28:09";"1380";"20199"
"4030";"5";"2021-08-21 11:43:09";"1620";"19945"
"4030";"7";"2021-08-21 12:35:36";"1620";"19948"
"4034";"6";"2021-08-21 11:52:30";"1320";"19962"
"4058";"8";"2021-08-21 12:43:02";"1500";"20105"
"4040";"7";"2021-08-21 12:25:17";"1260";"19992"
"4052";"3";"2021-08-21 10:49:25";"1500";"20059"
"4058";"9";"2021-08-21 13:08:02";"1800";"20110"
"4058";"10";"2021-08-21 13:38:02";"1800";"20111"
"4058";"11";"2021-08-21 14:08:02";"1800";"20112"
"4058";"12";"2021-08-21 14:38:02";"1440";"20109"
"4058";"13";"2021-08-21 15:02:02";"1440";"20106"
"4058";"14";"2021-08-21 15:26:02";"1800";"20107"
"4058";"15";"2021-08-21 15:56:02";"1440";"20108"
"4016";"1";"2021-08-21 10:06:00";"1200";"19890"
"4016";"2";"2021-08-21 10:26:00";"2100";"19891"
"4016";"3";"2021-08-21 11:01:00";"1800";"19892"
"4016";"4";"2021-08-21 11:31:00";"1800";"19889"
"4016";"5";"2021-08-21 12:01:00";"2100";"19891"
"4016";"6";"2021-08-21 12:36:00";"1800";"19889"
"4016";"7";"2021-08-21 13:06:00";"1200";"19890"
"4058";"1";"2021-08-21 10:00:00";"1800";"20111"
"4016";"8";"2021-08-21 13:26:00";"1800";"19892"
"4016";"9";"2021-08-21 13:56:00";"1200";"19890"
"4016";"10";"2021-08-21 14:16:00";"1800";"19889"
"4016";"11";"2021-08-21 14:46:00";"2100";"19891"
"4016";"12";"2021-08-21 15:21:00";"1200";"19890"
"4016";"13";"2021-08-21 15:41:00";"1800";"19892"
"4016";"14";"2021-08-21 16:11:00";"1800";"19892"
"4016";"15";"2021-08-21 16:41:00";"1800";"19889"
"4016";"16";"2021-08-21 17:11:00";"1800";"19892"
"4016";"17";"2021-08-21 17:41:00";"1200";"19890"
"4016";"18";"2021-08-21 18:01:00";"2100";"19891"
"4016";"19";"2021-08-21 18:36:00";"1200";"19890"
"4016";"20";"2021-08-21 18:56:00";"2100";"19891"
"4040";"1";"2021-08-21 10:03:00";"1800";"19992"
"4041";"4";"2021-08-21 11:06:41";"1500";"19994"
"4041";"5";"2021-08-21 11:31:41";"1380";"19995"
"4041";"6";"2021-08-21 11:54:41";"1500";"19996"
"4045";"30";"2021-08-21 20:58:18";"1800";"20022"
"4045";"31";"2021-08-21 21:28:18";"1200";"20017"
"4034";"9";"2021-08-21 13:22:12";"1320";"19963"
"4034";"10";"2021-08-21 13:44:12";"1440";"19964"
"4052";"7";"2021-08-21 12:31:04";"1440";"20061"
"4052";"8";"2021-08-21 12:55:04";"1560";"20062"
"4052";"9";"2021-08-21 13:21:04";"1620";"20063"
"4052";"10";"2021-08-21 13:48:04";"1620";"20064"
"4045";"32";"2021-08-21 21:48:18";"1200";"20018"
"4045";"33";"2021-08-21 22:08:18";"1800";"20019"
"4045";"34";"2021-08-21 22:38:18";"1800";"20020"
"4045";"35";"2021-08-21 23:08:18";"1800";"20021"
"4045";"36";"2021-08-21 23:38:18";"1800";"20022"
"4040";"28";"2021-08-21 21:05:02";"1380";"19989"
"4041";"1";"2021-08-21 10:03:00";"1320";"19993"
"4041";"2";"2021-08-21 10:25:00";"1320";"19993"
"4041";"3";"2021-08-21 10:47:00";"1500";"19994"
"4040";"29";"2021-08-21 21:28:02";"1440";"19987"
"4052";"26";"2021-08-21 21:11:40";"1680";"20060"
"4034";"31";"2021-08-21 21:38:11";"1440";"19962"
"4052";"27";"2021-08-21 21:38:45";"1620";"20059"
"4052";"28";"2021-08-21 22:05:45";"1620";"20060"
"4040";"11";"2021-08-21 14:01:21";"1560";"19990"
"4040";"12";"2021-08-21 14:27:21";"1620";"19988"
"4041";"12";"2021-08-21 14:22:15";"1380";"19995"
"3997";"12";"2021-08-21 14:25:39";"1440";"18995"
"3997";"13";"2021-08-21 14:49:39";"1440";"18993"
"3997";"14";"2021-08-21 15:13:39";"1380";"18994"
"3997";"15";"2021-08-21 15:36:39";"1560";"18992"
"3997";"16";"2021-08-21 16:02:39";"1440";"18995"
"4030";"11";"2021-08-21 14:18:56";"1620";"19948"
"4052";"29";"2021-08-21 22:32:45";"1560";"20061"
"4052";"30";"2021-08-21 22:58:45";"1800";"20062"
"4028";"1";"2021-08-21 10:06:00";"1500";"19116"
"4045";"1";"2021-08-21 10:03:00";"1200";"20017"
"4045";"2";"2021-08-21 10:23:00";"1200";"20018"
"4033";"10";"2021-08-21 14:06:50";"1560";"19960"
"4033";"11";"2021-08-21 14:32:50";"1380";"19959"
"4033";"12";"2021-08-21 14:55:50";"1560";"19957"
"4052";"31";"2021-08-21 23:28:45";"1560";"20061"
"4052";"32";"2021-08-21 23:54:45";"1800";"20062"
"4030";"32";;;"19947"
"4034";"37";"2021-08-22 00:19:55";"1440";"19962"
"4040";"15";"2021-08-21 15:39:21";"1320";"19992"
"4040";"16";"2021-08-21 16:01:21";"1620";"19991"
"4040";"17";"2021-08-21 16:28:21";"1560";"19990"
"4040";"18";"2021-08-21 16:54:21";"1620";"19988"
"4040";"19";"2021-08-21 17:21:21";"1320";"19992"
"4028";"2";"2021-08-21 10:31:00";"1800";"19117"
"4028";"3";"2021-08-21 11:01:00";"1800";"19118"
"4028";"4";"2021-08-21 11:31:00";"1800";"19119"
"4028";"5";"2021-08-21 12:01:00";"1500";"19116"
"4028";"6";"2021-08-21 12:26:00";"1800";"19117"
"4028";"7";"2021-08-21 12:56:00";"1800";"19118"
"4028";"8";"2021-08-21 13:26:00";"1800";"19119"
"3997";"22";"2021-08-21 18:29:59";"1380";"18994"
"3997";"1";"2021-08-21 10:06:00";"1500";"18993"
"4034";"21";"2021-08-21 17:32:54";"1320";"19963"
"4040";"20";"2021-08-21 17:43:19";"1320";"19989"
"4040";"21";"2021-08-21 18:05:19";"1380";"19987"
"4052";"20";"2021-08-21 18:15:04";"1560";"20062"
"4052";"21";"2021-08-21 18:41:04";"1560";"20063"
"4058";"24";"2021-08-21 19:15:34";"1440";"20105"
"4058";"25";"2021-08-21 19:39:34";"1440";"20110"
"4058";"26";"2021-08-21 20:03:34";"1440";"20112"
"4058";"27";"2021-08-21 20:27:34";"1800";"20107"
"4058";"28";"2021-08-21 20:57:34";"1440";"20112"
"4058";"29";"2021-08-21 21:21:34";"1800";"20107"
"4058";"30";"2021-08-21 21:51:34";"1440";"20108"
"3991";"4";"2021-08-21 11:22:18";"1560";"18975"
"3991";"5";"2021-08-21 11:48:18";"1560";"18974"
"3991";"6";"2021-08-21 12:14:18";"1560";"18974"
"3991";"7";"2021-08-21 12:40:18";"1560";"18975"
"3991";"8";"2021-08-21 13:06:18";"1560";"18975"
"3991";"9";"2021-08-21 13:32:18";"1560";"18974"
"3991";"10";"2021-08-21 13:58:18";"1560";"18974"
"4058";"31";"2021-08-21 22:15:34";"1440";"20105"
"4058";"32";"2021-08-21 22:39:34";"1440";"20108"
"4040";"33";"2021-08-21 23:20:44";"1620";"19990"
"4058";"33";"2021-08-21 23:22:08";"1440";"20105"
"4058";"34";"2021-08-21 23:46:08";"1320";"20109"
"3997";"2";"2021-08-21 10:24:57";"1500";"18994"
"3997";"3";"2021-08-21 10:49:57";"1560";"18992"
"3997";"4";"2021-08-21 11:15:57";"1500";"18995"
"3997";"5";"2021-08-21 11:40:57";"1500";"18993"
"4058";"35";"2021-08-22 00:08:08";"1440";"20110"
"4058";"36";"2021-08-22 00:32:08";"1320";"20109"
"4058";"37";"2021-08-22 00:54:08";"1440";"20110"
"4041";"7";"2021-08-21 12:28:37";"1620";"19997"
"4041";"8";"2021-08-21 12:55:37";"1380";"19998"
"4034";"11";"2021-08-21 14:08:12";"1260";"19961"
"4034";"12";"2021-08-21 14:29:12";"1320";"19962"
"4034";"13";"2021-08-21 14:51:12";"1320";"19963"
"4034";"14";"2021-08-21 15:13:12";"1440";"19964"
"4034";"15";"2021-08-21 15:37:12";"1260";"19961"
"4034";"16";"2021-08-21 15:58:12";"1320";"19962"
"4034";"17";"2021-08-21 16:20:12";"1320";"19963"
"4034";"18";"2021-08-21 16:42:12";"1440";"19964"
"4034";"19";"2021-08-21 17:06:12";"1260";"19961"
"4034";"20";"2021-08-21 17:27:12";"1320";"19962"
"4058";"20";"2021-08-21 17:31:32";"1440";"20112"
"4058";"21";"2021-08-21 17:55:32";"1320";"20109"
"4058";"22";"2021-08-21 18:17:32";"1800";"20107"
"4058";"23";"2021-08-21 18:47:32";"1440";"20108"
"4058";"38";"2021-08-22 01:18:08";"1260";"20111"
"4058";"39";"2021-08-22 01:39:08";"1440";"20106"
"4058";"40";"2021-08-22 02:03:08";"1260";"20111"
"4058";"41";"2021-08-22 02:24:08";"1440";"20106"
"4058";"42";"2021-08-22 02:48:08";"1440";"20112"
"4058";"43";"2021-08-22 03:12:08";"1800";"20107"
"4058";"44";"2021-08-22 03:42:08";"1440";"20112"
"4058";"45";"2021-08-22 04:06:08";"1800";"20107"
"4058";"46";"2021-08-22 04:36:08";"1440";"20108"
"4045";"3";"2021-08-21 10:43:00";"1800";"20019"
"4045";"4";"2021-08-21 11:13:00";"1800";"20020"
"4045";"5";"2021-08-21 11:43:00";"1800";"20021"
"4045";"6";"2021-08-21 12:13:00";"1800";"20022"
"4032";"1";"2021-08-21 10:06:00";"1500";"19953"
"4032";"2";"2021-08-21 10:31:00";"1500";"19954"
"4032";"3";"2021-08-21 10:56:00";"1500";"19955"
"4058";"47";"2021-08-22 05:00:08";"1440";"20105"
"4058";"48";"2021-08-22 05:24:08";"1440";"20108"
"4058";"49";"2021-08-22 05:48:08";"1440";"20105"
"4058";"50";"2021-08-22 06:12:08";"1260";"20111"
"4070";"25";"2021-08-21 19:19:34";"1440";"20197"
"4070";"26";"2021-08-21 19:43:34";"1380";"20198"
"4070";"27";"2021-08-21 20:06:34";"1440";"20197"
"4070";"28";"2021-08-21 20:30:34";"1380";"20198"
"4070";"29";"2021-08-21 20:53:34";"1500";"20204"
"4070";"30";"2021-08-21 21:18:34";"1380";"20200"
"4034";"38";"2021-08-22 00:43:55";"1620";"19964"
"4034";"39";"2021-08-22 01:15:12";"1440";"19961"
"4034";"40";"2021-08-22 01:39:12";"1440";"19962"
"4034";"41";"2021-08-22 02:03:12";"1620";"19964"
"4034";"42";"2021-08-22 02:30:12";"1440";"19961"
"4034";"43";"2021-08-22 02:54:12";"1440";"19962"
"4034";"44";"2021-08-22 03:18:12";"1620";"19964"
"4034";"45";"2021-08-22 03:45:12";"1440";"19961"
"4034";"46";"2021-08-22 04:09:12";"1440";"19962"
"4034";"47";"2021-08-22 04:33:12";"1620";"19964"
"4034";"48";"2021-08-22 05:00:12";"1440";"19961"
"4034";"49";"2021-08-22 05:24:12";"1440";"19962"
"4034";"50";"2021-08-22 05:48:12";"1620";"19964"
"4034";"51";"2021-08-22 06:15:12";"1440";"19961"
"4052";"11";"2021-08-21 14:18:17";"1620";"20063"
"4033";"1";"2021-08-21 10:06:00";"1560";"19957"
"4033";"2";"2021-08-21 10:32:00";"1560";"19957"
"4033";"3";"2021-08-21 10:58:00";"1860";"19958"
"4034";"52";"2021-08-22 06:39:12";"1440";"19962"
"4034";"53";"2021-08-22 07:03:12";"1620";"19964"
"4034";"54";"2021-08-22 07:30:12";"1440";"19961"
"4034";"55";"2021-08-22 07:54:12";"1440";"19962"
"4034";"56";"2021-08-22 08:18:12";"1620";"19964"
"4034";"57";"2021-08-22 08:45:12";"1440";"19961"
"4032";"24";"2021-08-21 19:28:49";"1500";"19956"
"4032";"25";"2021-08-21 19:53:49";"1560";"19953"
"4030";"23";"2021-08-21 19:37:19";"1680";"19946"
"4034";"26";"2021-08-21 19:32:11";"1560";"19964"
"4041";"20";"2021-08-21 17:27:27";"1620";"19997"
"4041";"21";"2021-08-21 17:54:27";"1380";"19998"
"4041";"22";"2021-08-21 18:17:27";"1320";"19993"
"4034";"27";"2021-08-21 19:58:19";"1380";"19961"
"3997";"26";"2021-08-21 20:13:08";"1440";"18994"
"3997";"27";"2021-08-21 20:37:08";"1560";"18992"
"3997";"28";"2021-08-21 21:03:08";"1440";"18995"
"3997";"29";"2021-08-21 21:27:08";"1440";"18993"
"3997";"30";"2021-08-21 21:51:08";"1440";"18994"
"3997";"31";"2021-08-21 22:15:08";"1560";"18992"
"3997";"6";"2021-08-21 12:00:48";"1500";"18994"
"3997";"7";"2021-08-21 12:25:48";"1560";"18992"
"3997";"8";"2021-08-21 12:51:48";"1500";"18995"
"3997";"9";"2021-08-21 13:16:48";"1500";"18993"
"3997";"10";"2021-08-21 13:41:48";"1500";"18994"
"3997";"11";"2021-08-21 14:06:48";"1560";"18992"
"3997";"17";"2021-08-21 16:26:39";"1440";"18993"
"3997";"18";"2021-08-21 16:50:39";"1380";"18994"
"3997";"19";"2021-08-21 17:13:39";"1560";"18992"
"3997";"20";"2021-08-21 17:39:39";"1440";"18995"
"3997";"23";"2021-08-21 18:52:59";"1560";"18992"
"4040";"32";"2021-08-21 22:50:11";"1800";"19991"
"4058";"51";"2021-08-22 06:33:08";"1440";"20112"
"4058";"52";"2021-08-22 06:57:08";"1320";"20109"
"4058";"53";"2021-08-22 07:19:08";"1440";"20106"
"4058";"54";"2021-08-22 07:43:08";"1800";"20107"
"4058";"55";"2021-08-22 08:13:08";"1440";"20108"
"4058";"56";"2021-08-22 08:37:08";"1440";"20105"
"4058";"57";"2021-08-22 09:01:08";"1440";"20110"
"4058";"58";"2021-08-22 09:25:08";"1260";"20111"
"4041";"57";;;"19997"
"4070";"54";;;"20203"
"4034";"36";"2021-08-21 23:46:54";"1440";"19961"
"4041";"35";"2021-08-21 23:46:41";"1380";"19998"
"4039";"29";"2021-08-21 23:43:48";"1200";"19981"
"4040";"34";"2021-08-21 23:46:53";"1680";"19988"
"4040";"35";"2021-08-22 00:14:53";"1380";"19992"
"4067";"1";"2021-08-21 10:00:00";"0";"19363"
"4067";"7";"2021-08-21 10:22:00";"1320";"20173"
"4067";"3";"2021-08-21 10:00:00";"1320";"20173"
"4034";"58";"2021-08-22 09:09:12";"1440";"19962"
"4034";"59";"2021-08-22 09:33:12";"1620";"19964"
"3991";"21";"2021-08-21 19:17:48";"1800";"18974"
"3991";"22";"2021-08-21 19:47:48";"1800";"18974"
"3991";"23";"2021-08-21 20:17:48";"1800";"18975"
"3991";"24";"2021-08-21 20:47:48";"1800";"18975"
"4034";"60";"2021-08-22 10:00:12";"1440";"19961"
"4041";"36";"2021-08-22 00:09:48";"1380";"19998"
"4052";"33";"2021-08-22 00:30:43";"1620";"20063"
"4052";"34";"2021-08-22 00:57:43";"1860";"20064"
"4052";"35";"2021-08-22 01:28:43";"1620";"20063"
"4052";"36";"2021-08-22 01:55:43";"1860";"20064"
"4030";"26";;;"19947"
"4030";"27";"2021-08-21 21:31:50";"1680";"19946"
"4041";"29";;;"19997"
"4041";"30";"2021-08-21 21:35:51";"1380";"19998"
"4041";"31";"2021-08-21 21:58:51";"1500";"19996"
"4041";"32";"2021-08-21 22:23:51";"1500";"19996"
"4040";"40";"2021-08-22 02:19:16";"1560";"19987"
"4040";"41";"2021-08-22 02:45:16";"1800";"19991"
"4041";"42";"2021-08-22 02:36:24";"1380";"19995"
"4052";"37";"2021-08-22 02:34:27";"1620";"20059"
"4052";"38";"2021-08-22 03:01:27";"1680";"20060"
"4052";"39";"2021-08-22 03:29:27";"1620";"20059"
"4052";"40";"2021-08-22 03:56:27";"1680";"20060"
"4052";"41";"2021-08-22 04:24:27";"1560";"20061"
"4034";"30";"2021-08-21 21:13:27";"1440";"19961"
"4052";"42";"2021-08-22 04:50:27";"1980";"20062"
"4034";"4";"2021-08-21 11:07:03";"1440";"19964"
"4032";"4";"2021-08-21 11:12:52";"1500";"19956"
"4032";"5";"2021-08-21 11:37:52";"1500";"19953"
"4032";"6";"2021-08-21 12:02:52";"1500";"19954"
"4032";"7";"2021-08-21 12:27:52";"1500";"19955"
"4032";"8";"2021-08-21 12:52:52";"1500";"19956"
"4032";"9";"2021-08-21 13:17:52";"1500";"19953"
"4016";"22";"2021-08-21 19:31:00";"1800";"19892"
"4016";"24";"2021-08-21 20:01:00";"1200";"19890"
"4016";"25";"2021-08-21 20:21:00";"1800";"19889"
"4016";"26";"2021-08-21 20:51:00";"2100";"19891"
"4016";"27";"2021-08-21 21:26:00";"1800";"19889"
"4016";"28";"2021-08-21 21:56:00";"1200";"19890"
"4016";"29";"2021-08-21 22:16:00";"1800";"19892"
"4016";"30";"2021-08-21 22:46:00";"1200";"19890"
"4016";"31";"2021-08-21 23:06:00";"1800";"19889"
"4016";"32";"2021-08-21 23:36:00";"1200";"19890"
"4016";"33";"2021-08-21 23:56:00";"2100";"19891"
"4016";"34";"2021-08-22 00:31:00";"1800";"19889"
"4016";"35";"2021-08-22 01:01:00";"1200";"19890"
"4016";"36";"2021-08-22 01:21:00";"2100";"19891"
"4016";"37";"2021-08-22 01:56:00";"1800";"19889"
"4016";"38";"2021-08-22 02:26:00";"1200";"19890"
"4016";"39";"2021-08-22 02:46:00";"1800";"19892"
"4016";"40";"2021-08-22 03:16:00";"2100";"19891"
"4016";"41";"2021-08-22 03:51:00";"1800";"19889"
"4016";"42";"2021-08-22 04:21:00";"1200";"19890"
"4016";"43";"2021-08-22 04:41:00";"2100";"19891"
"4016";"44";"2021-08-22 05:16:00";"2100";"19891"
"4016";"45";"2021-08-22 05:51:00";"1800";"19889"
"4016";"46";"2021-08-22 06:21:00";"1200";"19890"
"4016";"47";"2021-08-22 06:41:00";"1800";"19892"
"4016";"48";"2021-08-22 07:11:00";"2100";"19891"
"4016";"49";"2021-08-22 07:46:00";"1800";"19889"
"4016";"50";"2021-08-22 08:16:00";"1200";"19890"
"4016";"51";"2021-08-22 08:36:00";"1800";"19892"
"4016";"52";"2021-08-22 09:06:00";"2100";"19891"
"4016";"53";"2021-08-22 09:41:00";"1800";"19889"
"4016";"54";"2021-08-22 10:11:00";"1200";"19890"
"4016";"55";"2021-08-22 10:31:00";"1800";"19892"
"4052";"1";"2021-08-21 10:03:00";"1080";"20059"
"4052";"43";"2021-08-22 05:23:27";"1560";"20061"
"4034";"22";"2021-08-21 17:56:01";"1320";"19963"
"4034";"23";"2021-08-21 18:18:01";"1440";"19964"
"4052";"12";"2021-08-21 14:44:34";"1680";"20064"
"4052";"13";"2021-08-21 15:12:34";"1500";"20059"
"4052";"14";"2021-08-21 15:37:34";"1560";"20060"
"4052";"15";"2021-08-21 16:03:34";"1500";"20059"
"4041";"33";"2021-08-21 22:55:10";"1620";"19997"
"4041";"34";"2021-08-21 23:22:10";"1620";"19997"
"4041";"46";;;"19995"
"4033";"42";"2021-08-22 04:59:31";"2100";"19958"
"4033";"43";"2021-08-22 05:34:31";"2100";"19958"
"4033";"44";"2021-08-22 06:09:31";"1380";"19959"
"4033";"45";"2021-08-22 06:32:31";"1560";"19957"
"4054";"20";"2021-08-21 16:40:54";"1800";"20080"
"4054";"21";"2021-08-21 17:10:54";"1800";"20079"
"4054";"22";"2021-08-21 17:40:54";"1800";"20078"
"4054";"23";"2021-08-21 18:10:54";"1800";"20077"
"4054";"24";"2021-08-21 18:40:54";"1800";"20076"
"4054";"25";"2021-08-21 19:10:54";"1800";"20075"
"4054";"26";"2021-08-21 19:40:54";"1800";"20074"
"4054";"27";"2021-08-21 20:10:54";"1800";"20073"
"4058";"17";"2021-08-21 16:22:53";"1440";"20110"
"4058";"18";"2021-08-21 16:46:53";"1260";"20111"
"4034";"2";"2021-08-21 10:23:07";"1320";"19962"
"4032";"10";"2021-08-21 13:42:52";"1500";"19954"
"4032";"11";"2021-08-21 14:07:52";"1500";"19955"
"4032";"12";"2021-08-21 14:32:52";"1500";"19956"
"4033";"46";"2021-08-22 06:58:31";"1560";"19960"
"4033";"47";"2021-08-22 07:24:31";"2100";"19958"
"4030";"20";"2021-08-21 18:16:53";"1620";"19948"
"4030";"21";"2021-08-21 18:43:53";"1620";"19948"
"4070";"15";;;"20202"
"4070";"16";"2021-08-21 15:46:44";"1440";"20202"
"3991";"3";"2021-08-21 10:56:13";"1860";"18975"
"4070";"17";"2021-08-21 16:10:44";"1440";"20197"
"4070";"18";"2021-08-21 16:34:44";"1380";"20198"
"4053";"4";"2021-08-21 11:10:49";"1500";"20066"
"4053";"5";"2021-08-21 11:35:49";"1620";"20067"
"4053";"6";"2021-08-21 12:02:49";"1800";"20068"
"4053";"7";"2021-08-21 12:32:49";"1620";"20067"
"4053";"8";"2021-08-21 12:59:49";"1800";"20068"
"4053";"9";"2021-08-21 13:29:49";"1620";"20069"
"4030";"22";"2021-08-21 19:10:53";"1680";"19946"
"4033";"48";"2021-08-22 07:59:31";"1380";"19959"
"4040";"24";"2021-08-21 19:25:50";"1620";"19988"
"4040";"25";"2021-08-21 19:52:50";"1320";"19992"
"4033";"49";"2021-08-22 08:22:31";"1560";"19957"
"4040";"52";"2021-08-22 07:29:17";"1440";"19989"
"4030";"46";;;"19948"
"4041";"54";"2021-08-22 07:34:04";"1380";"19995"
"4040";"53";"2021-08-22 07:52:07";"1440";"19987"
"4040";"54";"2021-08-22 08:16:07";"1560";"19990"
"4041";"37";"2021-08-22 00:32:48";"1320";"19993"
"4041";"38";"2021-08-22 00:54:52";"1320";"19993"
"4040";"36";"2021-08-22 00:39:30";"1500";"19992"
"4022";"35";"2021-08-22 01:20:51";"1800";"19915"
"4041";"39";;;"19995"
"4041";"40";"2021-08-22 01:44:05";"1500";"19994"
"3991";"1";"2021-08-21 10:09:00";"1800";"18974"
"4040";"39";"2021-08-22 01:52:45";"1500";"19987"
"4032";"38";"2021-08-22 01:38:45";"1560";"19956"
"4053";"36";"2021-08-22 01:55:06";"1320";"20066"
"4053";"37";"2021-08-22 02:17:06";"1620";"20067"
"4040";"55";"2021-08-22 08:42:07";"1320";"19992"
"4070";"56";"2021-08-22 07:54:57";"1500";"20201"
"4070";"57";"2021-08-22 08:19:57";"1440";"20198"
"4033";"23";"2021-08-21 19:55:23";"1380";"19959"
"4033";"24";"2021-08-21 20:18:23";"1380";"19959"
"4033";"25";"2021-08-21 20:41:23";"2100";"19958"
"4033";"26";"2021-08-21 21:16:23";"1560";"19957"
"4033";"27";"2021-08-21 21:42:23";"1560";"19957"
"4045";"13";;;"20017"
"4040";"13";"2021-08-21 14:53:52";"1380";"19989"
"3991";"11";"2021-08-21 14:30:01";"1680";"18975"
"3991";"12";"2021-08-21 14:58:01";"1680";"18975"
"3991";"13";"2021-08-21 15:26:01";"1680";"18974"
"3991";"14";"2021-08-21 15:54:01";"1680";"18974"
"3991";"15";"2021-08-21 16:22:01";"1680";"18975"
"3991";"16";"2021-08-21 16:50:01";"1680";"18975"
"3991";"17";"2021-08-21 17:18:01";"1680";"18974"
"3991";"18";"2021-08-21 17:46:01";"1680";"18974"
"4034";"24";"2021-08-21 18:42:01";"1260";"19961"
"4058";"4";"2021-08-21 11:04:00";"1440";"20109"
"4070";"19";"2021-08-21 16:57:44";"1800";"20204"
"4070";"20";"2021-08-21 17:27:44";"1440";"20200"
"4070";"21";"2021-08-21 17:51:44";"1380";"20199"
"4052";"6";"2021-08-21 12:04:58";"1620";"20062"
"4033";"28";"2021-08-21 22:08:23";"1560";"19957"
"4033";"20";"2021-08-21 18:32:28";"1560";"19960"
"4033";"21";"2021-08-21 18:58:28";"1560";"19960"
"4033";"22";"2021-08-21 19:24:28";"1380";"19959"
"3997";"32";"2021-08-21 22:48:47";"1500";"18995"
"3997";"33";"2021-08-21 23:13:47";"1440";"18993"
"3997";"34";"2021-08-21 23:37:47";"1500";"18994"
"3997";"35";"2021-08-22 00:02:47";"1560";"18992"
"3991";"2";"2021-08-21 10:29:50";"1200";"18974"
"4034";"5";"2021-08-21 11:31:03";"1260";"19961"
"4034";"7";"2021-08-21 12:14:53";"1320";"19963"
"4070";"7";"2021-08-21 12:15:21";"1440";"20203"
"4070";"8";"2021-08-21 12:39:21";"1440";"20202"
"4070";"9";"2021-08-21 13:03:21";"1440";"20197"
"3997";"36";"2021-08-22 00:28:47";"1500";"18995"
"3997";"37";"2021-08-22 00:53:47";"1440";"18993"
"3997";"38";"2021-08-22 01:17:47";"1500";"18994"
"3997";"39";"2021-08-22 01:42:47";"1560";"18992"
"4034";"8";"2021-08-21 12:38:20";"1260";"19961"
"3991";"34";"2021-08-22 02:29:25";"2040";"18975"
"3991";"35";"2021-08-22 03:03:25";"2100";"18974"
"4006";"1";"2021-08-21 10:06:00";"1800";"19849"
"4054";"1";"2021-08-21 10:00:00";"1800";"20073"
"3991";"36";"2021-08-22 03:38:25";"2100";"18974"
"4033";"18";"2021-08-21 17:29:08";"1800";"19958"
"4033";"19";"2021-08-21 17:59:08";"1800";"19958"
"3991";"37";"2021-08-22 04:13:25";"2040";"18975"
"3991";"38";"2021-08-22 04:47:25";"2040";"18975"
"3991";"39";"2021-08-22 05:21:25";"2100";"18974"
"4040";"9";"2021-08-21 13:10:55";"1500";"19987"
"3991";"40";"2021-08-22 05:56:25";"2100";"18974"
"3991";"41";"2021-08-22 06:31:25";"2040";"18975"
"3991";"42";"2021-08-22 07:05:25";"2040";"18975"
"3991";"43";"2021-08-22 07:39:25";"2100";"18974"
"3991";"44";"2021-08-22 08:14:25";"2100";"18974"
"3991";"45";"2021-08-22 08:49:25";"2040";"18975"
"3991";"46";"2021-08-22 09:23:25";"2040";"18975"
"3991";"47";"2021-08-22 09:57:25";"2100";"18974"
"3991";"48";"2021-08-22 10:32:25";"2100";"18974"
"4030";"8";"2021-08-21 12:59:13";"1440";"19946"
"4030";"9";"2021-08-21 13:23:13";"1620";"19945"
"4032";"39";"2021-08-22 02:07:00";"1620";"19953"
"4032";"40";"2021-08-22 02:34:00";"1500";"19954"
"4041";"9";"2021-08-21 13:13:35";"1380";"19995"
"4041";"10";"2021-08-21 13:36:35";"1320";"19993"
"4041";"11";"2021-08-21 13:58:35";"1500";"19994"
"4032";"41";"2021-08-22 02:59:00";"1500";"19954"
"4032";"42";"2021-08-22 03:24:00";"1560";"19955"
"4032";"43";"2021-08-22 03:50:00";"1560";"19956"
"4032";"44";"2021-08-22 04:16:00";"1620";"19953"
"4032";"45";"2021-08-22 04:43:00";"1500";"19954"
"4032";"46";"2021-08-22 05:08:00";"1560";"19955"
"4032";"47";"2021-08-22 05:34:00";"1560";"19956"
"4032";"48";"2021-08-22 06:00:00";"1620";"19953"
"4032";"49";"2021-08-22 06:27:00";"1500";"19954"
"4032";"50";"2021-08-22 06:52:00";"1560";"19955"
"4032";"51";"2021-08-22 07:18:00";"1560";"19956"
"4041";"13";"2021-08-21 14:44:53";"1500";"19996"
"4041";"14";"2021-08-21 15:09:53";"1620";"19997"
"4030";"2";"2021-08-21 10:26:35";"1620";"19945"
"4030";"3";"2021-08-21 10:53:35";"1620";"19948"
"4030";"4";"2021-08-21 11:20:35";"1620";"19945"
"4053";"2";"2021-08-21 10:22:10";"1500";"20066"
"4053";"3";"2021-08-21 10:47:10";"1800";"20065"
"4041";"15";"2021-08-21 15:36:53";"1380";"19998"
"4041";"16";"2021-08-21 15:59:53";"1320";"19993"
"4041";"17";"2021-08-21 16:21:53";"1500";"19994"
"4041";"18";"2021-08-21 16:46:53";"1380";"19995"
"4041";"19";"2021-08-21 17:09:53";"1500";"19996"
"4070";"23";"2021-08-21 18:27:32";"1500";"20203"
"4070";"6";"2021-08-21 11:51:19";"1800";"20201"
"4070";"24";"2021-08-21 18:52:32";"1380";"20202"
"4032";"52";"2021-08-22 07:44:00";"1620";"19953"
"3991";"28";"2021-08-21 23:03:40";"1920";"18975"
"4040";"30";"2021-08-21 21:54:28";"1500";"19987"
"4052";"22";"2021-08-21 19:14:47";"1800";"20064"
"4052";"23";"2021-08-21 19:44:47";"1620";"20063"
"4040";"6";"2021-08-21 11:58:37";"1620";"19988"
"4052";"24";"2021-08-21 20:11:47";"1800";"20064"
"4052";"25";"2021-08-21 20:41:47";"1620";"20059"
"3991";"26";"2021-08-21 21:57:21";"1980";"18974"
"3991";"27";"2021-08-21 22:30:21";"1860";"18975"
"3991";"29";"2021-08-21 23:35:40";"1920";"18975"
"3991";"30";"2021-08-22 00:07:40";"1980";"18974"
"4049";"5";"2021-08-21 11:33:39";"1800";"20041"
"4049";"6";"2021-08-21 12:03:39";"1800";"20042"
"4049";"7";"2021-08-21 12:33:39";"1800";"20043"
"4049";"8";"2021-08-21 13:03:39";"1800";"20044"
"4049";"9";"2021-08-21 13:33:39";"1800";"20045"
"4049";"10";"2021-08-21 14:03:39";"1800";"20046"
"4049";"11";"2021-08-21 14:33:39";"0";"19224"
"4049";"12";"2021-08-21 14:33:39";"0";"19225"
"4049";"13";"2021-08-21 14:33:39";"0";"19220"
"4049";"14";"2021-08-21 14:33:39";"0";"19221"
"4049";"15";"2021-08-21 14:33:39";"0";"19222"
"4049";"16";"2021-08-21 14:33:39";"0";"19223"
"4049";"17";"2021-08-21 14:33:39";"0";"19224"
"4049";"18";"2021-08-21 14:33:39";"0";"19225"
"4049";"19";"2021-08-21 14:33:39";"0";"19220"
"4049";"20";"2021-08-21 14:33:39";"0";"19221"
"4049";"21";"2021-08-21 14:33:39";"0";"19222"
"4049";"22";"2021-08-21 14:33:39";"0";"19223"
"4049";"23";"2021-08-21 14:33:39";"0";"19224"
"4049";"24";"2021-08-21 14:33:39";"0";"19225"
"4049";"25";"2021-08-21 14:33:39";"0";"19220"
"4049";"26";"2021-08-21 14:33:39";"0";"19221"
"4049";"27";"2021-08-21 14:33:39";"0";"19222"
"4049";"28";"2021-08-21 14:33:39";"0";"19223"
"4049";"29";"2021-08-21 14:33:39";"0";"19224"
"4049";"30";"2021-08-21 14:33:39";"0";"19225"
"4049";"32";"2021-08-21 14:33:39";"0";"19220"
"4049";"33";"2021-08-21 14:33:39";"0";"19221"
"4049";"34";"2021-08-21 14:33:39";"0";"19222"
"4049";"35";"2021-08-21 14:33:39";"0";"19223"
"4049";"36";"2021-08-21 14:33:39";"0";"19224"
"4049";"37";"2021-08-21 14:33:39";"0";"19225"
"4049";"38";"2021-08-21 14:33:39";"0";"19220"
"4049";"39";"2021-08-21 14:33:39";"0";"19221"
"4049";"40";"2021-08-21 14:33:39";"0";"19222"
"4049";"41";"2021-08-21 14:33:39";"0";"19223"
"4049";"42";"2021-08-21 14:33:39";"0";"19224"
"4049";"43";"2021-08-21 14:33:39";"0";"19225"
"4049";"44";"2021-08-21 14:33:39";"0";"19220"
"4049";"45";"2021-08-21 14:33:39";"0";"19221"
"4049";"46";"2021-08-21 14:33:39";"0";"19222"
"4049";"47";"2021-08-21 14:33:39";"0";"19223"
"4049";"48";"2021-08-21 14:33:39";"0";"19224"
"4049";"49";"2021-08-21 14:33:39";"0";"19225"
"4049";"50";"2021-08-21 14:33:39";"0";"19220"
"4049";"51";"2021-08-21 14:33:39";"0";"19221"
"4049";"52";"2021-08-21 14:33:39";"0";"19222"
"4049";"53";"2021-08-21 14:33:39";"0";"19223"
"4049";"54";"2021-08-21 14:33:39";"0";"19224"
"4049";"55";"2021-08-21 14:33:39";"0";"19225"
"3991";"31";"2021-08-22 00:40:40";"1980";"18974"
"3991";"32";"2021-08-22 01:13:40";"1980";"18974"
"3991";"33";"2021-08-22 01:46:40";"1920";"18975"
"3991";"49";"2021-08-22 11:07:25";"2040";"18975"
"3991";"50";"2021-08-22 11:41:25";"2040";"18975"
"4030";"37";"2021-08-22 02:27:13";"1740";"19946"
"3997";"41";"2021-08-22 02:44:50";"1500";"18993"
"3997";"42";"2021-08-22 03:09:50";"1560";"18994"
"3997";"43";"2021-08-22 03:35:50";"1620";"18992"
"3997";"44";"2021-08-22 04:02:50";"1560";"18995"
"4041";"45";"2021-08-22 03:46:46";"1500";"19994"
"4030";"39";;;"19947"
"4041";"47";;;"19996"
"4030";"42";;;"19947"
"4070";"49";"2021-08-22 05:11:49";"1440";"20197"
"4041";"23";"2021-08-21 18:33:33";"1500";"19994"
"4041";"24";"2021-08-21 18:58:33";"1380";"19995"
"3997";"48";"2021-08-22 05:50:01";"1500";"18995"
"4041";"49";"2021-08-22 05:34:12";"1500";"19996"
"3997";"49";"2021-08-22 06:15:01";"1500";"18993"
"3997";"50";"2021-08-22 06:40:01";"1500";"18994"
"3997";"51";"2021-08-22 07:05:01";"1560";"18992"
"4070";"34";"2021-08-21 22:58:17";"1500";"20201"
"4040";"31";"2021-08-21 22:19:31";"1740";"19991"
"4032";"20";"2021-08-21 17:44:34";"1500";"19956"
"4032";"21";"2021-08-21 18:09:34";"1560";"19953"
"4032";"22";"2021-08-21 18:35:34";"1440";"19954"
"4032";"23";"2021-08-21 18:59:34";"1440";"19955"
"4070";"35";"2021-08-21 23:23:17";"1440";"20199"
"4070";"36";"2021-08-21 23:47:17";"1500";"20201"
"4070";"37";"2021-08-22 00:12:17";"1500";"20203"
"4034";"32";"2021-08-21 22:02:47";"1620";"19964"
"4070";"38";"2021-08-22 00:37:17";"1500";"20202"
"4070";"39";"2021-08-22 01:02:17";"1500";"20203"
"4040";"23";"2021-08-21 18:58:28";"1560";"19990"
"4070";"40";"2021-08-22 01:27:17";"1500";"20202"
"4070";"41";"2021-08-22 01:52:17";"1440";"20197"
"4070";"42";"2021-08-22 02:16:17";"1380";"20198"
"4070";"43";"2021-08-22 02:39:17";"1500";"20204"
"4070";"22";"2021-08-21 18:03:36";"1800";"20201"
"4070";"44";"2021-08-22 03:04:17";"1380";"20200"
"4070";"45";"2021-08-22 03:27:17";"1440";"20199"
"3997";"52";"2021-08-22 07:31:01";"1500";"18995"
"4070";"58";"2021-08-22 08:43:57";"1440";"20197"
"3997";"24";"2021-08-21 19:22:59";"1440";"18995"
"3997";"25";"2021-08-21 19:46:59";"1500";"18993"
"4030";"14";"2021-08-21 15:34:48";"1620";"19947"
"4070";"59";"2021-08-22 09:05:55";"1380";"20202"
"4070";"60";"2021-08-22 09:28:55";"1380";"20200"
"4070";"61";"2021-08-22 09:51:55";"1440";"20199"
"4033";"14";"2021-08-21 15:50:40";"1560";"19960"
"4033";"15";"2021-08-21 16:16:40";"1380";"19959"
"4033";"16";"2021-08-21 16:39:40";"1380";"19959"
"4033";"17";"2021-08-21 17:02:40";"1560";"19957"
"4039";"49";"2021-08-22 10:14:42";"1500";"19983"
"4030";"48";;;"19946"
"4053";"48";"2021-08-22 07:44:33";"1620";"20072"
"4070";"46";"2021-08-22 03:56:46";"1500";"20201"
"4070";"47";"2021-08-22 04:22:18";"1500";"20203"
"4053";"25";"2021-08-21 20:51:37";"1500";"20069"
"4053";"26";"2021-08-21 21:16:37";"1560";"20070"
"4053";"27";"2021-08-21 21:42:37";"1500";"20069"
"4053";"28";"2021-08-21 22:07:37";"1560";"20070"
"4053";"29";"2021-08-21 22:33:37";"1560";"20071"
"4053";"30";"2021-08-21 22:59:37";"1620";"20072"
"4053";"31";"2021-08-21 23:26:37";"1560";"20071"
"4053";"32";"2021-08-21 23:52:37";"1620";"20072"
"4053";"33";"2021-08-22 00:19:37";"1620";"20065"
"4053";"34";"2021-08-22 00:46:37";"1320";"20066"
"4040";"26";"2021-08-21 20:18:30";"1380";"19992"
"4040";"27";"2021-08-21 20:41:30";"1320";"19989"
"4053";"35";"2021-08-22 01:08:37";"1620";"20065"
"4032";"53";"2021-08-22 08:11:00";"1500";"19954"
"4032";"54";"2021-08-22 08:36:00";"1560";"19955"
"3997";"53";"2021-08-22 07:58:53";"1500";"18993"
"4053";"49";"2021-08-22 08:12:43";"1620";"20065"
"4053";"50";"2021-08-22 08:39:43";"1320";"20066"
"4053";"51";"2021-08-22 09:01:43";"1620";"20067"
"4030";"36";"2021-08-22 01:59:39";"1620";"19948"
"3997";"45";"2021-08-22 04:31:07";"1500";"18993"
"3997";"46";"2021-08-22 04:56:07";"1500";"18994"
"3997";"47";"2021-08-22 05:21:07";"1620";"18992"
"4053";"52";"2021-08-22 09:28:43";"1320";"20066"
"4053";"53";"2021-08-22 09:50:43";"1500";"20069"
"4030";"52";"2021-08-22 09:26:04";"1560";"19948"
"4041";"58";;;"19994"
"4041";"55";"2021-08-22 07:57:23";"1500";"19996"
"4052";"49";"2021-08-22 08:05:15";"1800";"20062"
"3997";"54";"2021-08-22 08:24:22";"1500";"18994"
"3997";"55";"2021-08-22 08:49:22";"1560";"18992"
"3997";"56";"2021-08-22 09:15:22";"1500";"18995"
"4052";"44";"2021-08-22 05:47:56";"1980";"20062"
"4052";"45";"2021-08-22 06:20:56";"1680";"20063"
"4032";"32";"2021-08-21 23:00:13";"1620";"19953"
"4041";"25";"2021-08-21 19:23:43";"1500";"19996"
"4041";"26";"2021-08-21 19:48:43";"1500";"19996"
"4052";"16";"2021-08-21 16:30:19";"1560";"20060"
"4052";"17";"2021-08-21 16:56:19";"1440";"20061"
"4052";"18";"2021-08-21 17:20:19";"1560";"20062"
"4052";"19";"2021-08-21 17:46:19";"1440";"20061"
"4032";"33";"2021-08-21 23:27:13";"1500";"19954"
"4032";"34";"2021-08-21 23:52:13";"1500";"19954"
"4032";"35";"2021-08-22 00:17:13";"1500";"19955"
"4032";"36";"2021-08-22 00:42:13";"1500";"19955"
"4032";"37";"2021-08-22 01:07:13";"1500";"19956"
"4034";"33";"2021-08-21 22:30:36";"1440";"19961"
"4034";"34";"2021-08-21 22:54:36";"1440";"19962"
"4040";"22";"2021-08-21 18:29:58";"1620";"19991"
"4052";"46";"2021-08-22 06:48:56";"1620";"20059"
"4053";"38";"2021-08-22 02:47:50";"1500";"20069"
"4034";"28";"2021-08-21 20:22:17";"1440";"19962"
"4053";"39";"2021-08-22 03:12:50";"1620";"20067"
"4053";"40";"2021-08-22 03:39:50";"2100";"20068"
"4053";"41";"2021-08-22 04:14:50";"1500";"20069"
"4053";"42";"2021-08-22 04:39:50";"1560";"20070"
"4070";"31";"2021-08-21 21:44:28";"1500";"20204"
"4070";"32";"2021-08-21 22:09:28";"1500";"20201"
"4070";"33";"2021-08-21 22:34:28";"1440";"20199"
"4053";"43";"2021-08-22 05:05:50";"1500";"20069"
"4053";"44";"2021-08-22 05:30:50";"1560";"20070"
"4053";"45";"2021-08-22 05:56:50";"1560";"20071"
"4052";"47";"2021-08-22 07:15:56";"1680";"20060"
"4052";"48";"2021-08-22 07:43:56";"1560";"20061"
"3997";"57";"2021-08-22 09:40:22";"1500";"18993"
"3997";"58";"2021-08-22 10:05:22";"1500";"18994"
"4030";"33";;;"19947"
"4040";"37";"2021-08-22 01:03:46";"1440";"19989"
"4033";"29";"2021-08-21 22:50:08";"1560";"19960"
"4033";"30";"2021-08-21 23:16:08";"1560";"19960"
"4033";"31";"2021-08-21 23:42:08";"1560";"19960"
"4033";"32";"2021-08-22 00:08:08";"1380";"19959"
"3991";"25";"2021-08-21 21:23:47";"1860";"18974"
"4033";"33";"2021-08-22 00:31:08";"1380";"19959"
"4033";"34";"2021-08-22 00:54:08";"1560";"19957"
"4033";"35";"2021-08-22 01:20:08";"1560";"19957"
"4033";"36";"2021-08-22 01:46:08";"1560";"19960"
"4033";"37";"2021-08-22 02:12:08";"1560";"19960"
"3997";"59";"2021-08-22 10:30:22";"1560";"18992"
"3997";"60";"2021-08-22 10:56:22";"1500";"18995"
"3997";"61";"2021-08-22 11:21:22";"1500";"18993"
"4034";"25";"2021-08-21 19:07:56";"1320";"19962"
"3997";"62";"2021-08-22 11:46:22";"1500";"18994"
"3997";"63";"2021-08-22 12:11:22";"1560";"18992"
"3997";"64";"2021-08-22 12:37:22";"1500";"18995"
"4030";"38";"2021-08-22 02:56:05";"1620";"19948"
"4041";"43";"2021-08-22 03:02:22";"1320";"19993"
"4041";"44";"2021-08-22 03:24:41";"1320";"19993"
"3997";"65";"2021-08-22 13:02:22";"1560";"18992"
"3997";"66";"2021-08-22 13:28:22";"1500";"18993"
"4032";"26";"2021-08-21 20:23:10";"1440";"19954"
"4032";"27";"2021-08-21 20:47:10";"1440";"19954"
"4032";"28";"2021-08-21 21:11:10";"1500";"19955"
"4032";"29";"2021-08-21 21:36:10";"1500";"19955"
"3997";"67";"2021-08-22 13:53:22";"1500";"18994"
"3997";"68";"2021-08-22 14:18:22";"1500";"18995"
"4040";"48";"2021-08-22 05:48:33";"1680";"19991"
"4030";"43";;;"19948"
"4040";"49";"2021-08-22 06:16:38";"1560";"19990"
"4030";"44";;;"19947"
"4070";"52";"2021-08-22 06:22:37";"1380";"20200"
"4033";"41";"2021-08-22 04:30:48";"1560";"19960"
"4030";"28";;;"19946"
"4030";"34";;;"19946"
"4070";"53";"2021-08-22 06:45:37";"1380";"20202"
"4030";"30";"2021-08-21 23:02:31";"1620";"19948"
"4030";"31";"2021-08-21 23:29:31";"1620";"19948"
"4041";"50";;;"19998"
"4041";"48";;;"19996"
"4041";"51";"2021-08-22 06:24:01";"1380";"19998"
"4041";"52";"2021-08-22 06:47:01";"1320";"19993"
"4030";"45";;;"19946"
"3991";"19";"2021-08-21 18:19:04";"1680";"18975"
"3991";"20";"2021-08-21 18:47:04";"1680";"18975"
"4052";"50";"2021-08-22 08:36:22";"1620";"20063"
"4030";"35";;;"19946"
"4030";"47";"2021-08-22 07:08:12";"1560";"19948"
"4052";"51";"2021-08-22 09:03:22";"1620";"20059"
"4052";"52";"2021-08-22 09:30:22";"1620";"20060"
"4041";"27";"2021-08-21 20:18:03";"1620";"19997"
"4041";"28";"2021-08-21 20:45:03";"1620";"19997"
"4030";"29";;;"19946"
"4052";"53";"2021-08-22 09:57:22";"1500";"20061"
"4052";"54";"2021-08-22 10:22:22";"1980";"20064"
"4052";"55";"2021-08-22 10:55:22";"1500";"20061"
"4052";"56";"2021-08-22 11:20:22";"1860";"20062"
"4052";"57";"2021-08-22 11:51:22";"1620";"20063"
"3997";"40";"2021-08-22 02:19:00";"1560";"18995"
"4040";"47";"2021-08-22 05:24:07";"1500";"19987"
"4030";"40";;;"19946"
"4030";"41";"2021-08-22 04:21:19";"1740";"19947"
"4070";"48";"2021-08-22 04:48:59";"1500";"20202"
"4052";"58";"2021-08-22 12:18:22";"1980";"20064"
"4052";"59";"2021-08-22 12:51:22";"1620";"20063"
"4040";"38";"2021-08-22 01:27:42";"1440";"19989"
"4053";"46";"2021-08-22 06:50:37";"1620";"20072"
"4034";"35";"2021-08-21 23:19:43";"1620";"19964"
"4053";"47";"2021-08-22 07:17:37";"1560";"20071"
"4052";"60";"2021-08-22 13:18:22";"1980";"20064"
"4030";"49";;;"19947"
"4032";"30";"2021-08-21 22:06:25";"1500";"19956"
"4032";"31";"2021-08-21 22:31:25";"1500";"19956"
"4033";"38";"2021-08-22 03:11:09";"1380";"19959"
"4033";"39";"2021-08-22 03:37:11";"1380";"19959"
"4033";"40";"2021-08-22 04:00:11";"1560";"19957"
"4041";"56";"2021-08-22 08:22:58";"1620";"19997"
"4033";"50";"2021-08-22 08:44:20";"1560";"19960"
"4033";"51";"2021-08-22 09:10:20";"1560";"19957"
"4033";"52";"2021-08-22 09:36:20";"1380";"19959"
"4033";"53";"2021-08-22 09:59:20";"1560";"19957"
"4033";"54";"2021-08-22 10:25:20";"1380";"19959"
"4070";"50";"2021-08-22 05:34:53";"1560";"20197"
"4070";"51";"2021-08-22 06:00:53";"1380";"20198"
"4040";"50";"2021-08-22 06:41:24";"1560";"19988"
"4040";"51";"2021-08-22 07:07:24";"1440";"19992"
"4033";"55";"2021-08-22 10:48:20";"1560";"19957"
"4033";"56";"2021-08-22 11:14:20";"1380";"19959"
"4033";"57";"2021-08-22 11:37:20";"0";"19138"
"4032";"55";"2021-08-22 08:55:01";"1500";"19956"
"4032";"56";"2021-08-22 09:20:01";"1560";"19953"
"4041";"41";"2021-08-22 02:11:52";"1380";"19995"
"4032";"57";"2021-08-22 09:46:01";"1440";"19954"
"4032";"58";"2021-08-22 10:10:01";"1500";"19955"
"4040";"42";"2021-08-22 03:14:41";"1800";"19991"
"4040";"43";"2021-08-22 03:44:41";"1560";"19990"
"4040";"44";"2021-08-22 04:10:41";"1680";"19988"
"4040";"45";"2021-08-22 04:38:41";"1440";"19992"
"4040";"46";"2021-08-22 05:02:41";"1500";"19989"
"4041";"59";;;"19997"
"4041";"53";"2021-08-22 07:07:41";"1500";"19994"
"4041";"60";"2021-08-22 09:53:54";"1380";"19995"
"4041";"61";"2021-08-22 10:16:54";"1620";"19997"
"4030";"51";;;"19948"
"4030";"53";"2021-08-22 09:52:27";"1740";"19947"
"4030";"50";;;"19946"
"4030";"54";"2021-08-22 10:21:27";"1740";"19947"
"4030";"55";"2021-08-22 10:50:27";"1680";"19945"
"4030";"56";"2021-08-22 11:18:27";"1740";"19947"
"4070";"63";"2021-08-22 10:15:49";"1500";"20203"
"4070";"55";"2021-08-22 07:32:26";"1440";"20199"
"4070";"66";"2021-08-22 10:40:49";"1380";"20202"
"4058";"59";"2021-08-22 10:22:26";"1440";"20106"
"4058";"60";"2021-08-22 10:46:26";"1440";"20108"
"4040";"56";"2021-08-22 09:02:31";"1380";"19989"
"4040";"57";"2021-08-22 09:25:31";"1440";"19987"
"4040";"58";"2021-08-22 09:49:31";"1320";"19992"
"4040";"59";"2021-08-22 10:11:31";"1320";"19992"
"4053";"54";"2021-08-22 10:17:44";"1560";"20070"
"4053";"55";"2021-08-22 10:43:44";"1560";"20071"
"4053";"67";"2021-08-22 11:09:44";"1560";"20070"
"4039";"50";"2021-08-22 10:39:42";"1200";"19981"
"4039";"51";"2021-08-22 10:59:42";"1320";"19982"
"4039";"52";"2021-08-22 11:21:42";"1500";"19983"
"4039";"53";"2021-08-22 11:46:42";"1500";"19985"
"4039";"54";"2021-08-22 12:11:42";"1500";"19983"