"ID";"IMAGE"
"19136";"89504E470D0A1A0A0000000D4948445200000090000000900806000000E746E2B8000000017352474200AECE1CE90000200049444154785EE4BD07985D7775EEFDDBF5F433BD499A511975C9AA96645C052E72C18D6A209400A6254048A8A124F472B981C4C0A5040897383463303636C60577D9B2D57B99519BDE4F3F679F5DBE67FDF739927DBFE42621D4DCF33CF38C46D29CB2F7BBD77AD7BBDEB5B6C6FF638FB56B936DB6AE2D31A13708B479BEEFCF71BDA0CB758336C7713796CB016ED5A0EA43D5750982407D99685886493CA6938C5BDB6CD31BB74D73D8F3BD015FD34EB82EC73C2F38B2F3587EFCFFA543AAFD77FEB0EB97C5BB0CC338AFEAFB1B34B47504C13ACBD2DA2C5B0702F5D17DDFC7D7749C8A87E378541D9D4A59A3E2FACF019001D886453261128FEAD84680AEF9E173A0E1567DF5FB8E678C79AEB7138DEDCDC9C8D3F148F4C9870E8C8FFC773DCEFFAD00B46A554722A115AFF003EFB2C0375FE6077EAB440F79D4BFDBB6852E275F0F3FBAFCBDAF81EF69388E8BE768144A2E250193EBA9BFF709300888476D92B6412CA26319019AA6A9DFF77C0DDF1710053855EF4CD44A272324A301B6694CF8F003DFF7EE8FDBA95FDEB97DA8F8DF05507FF400BA686DB2CDD1B811B4EBB4806B0C5D0FA38AA7E379E1C994132B275BD7754C0B0C134CD3507F17A2C823F0353C0F8A25879203A54A40C571D5EF0A804C0D62118B74D4266AA300547FB8BE000D5C37C0ABFAEA35E5B5A2119398A51389E8EA67F57E40D2E3CF2B8EFF3357D36EDF7E2437F1C70CA63F5A00AD5D91BC4933B45798A6769DAE22808FA6A24D00818E8781EBBAEAA4559DF01409682CDB2396B0304D1D3DF0310DF90D5D9D7C4943152FA05C0A28563C5C4FA3541410FAE83A4422266901850D862E7FA72BB06881A4C23002B915470153B0699B3AA669625B217855B422A01A04942BF2BE049CE61DBEC6F70E9ECEFFE08F11487F54003A77556A099EFE7A085EEFA3B56A5A10A6A32004904A475EED644AE4A99360DF0889B002504024AA2930D8868EA907049A56035070064065D7A75CF6A89425CDF9A0F9D8B64943C45011C8340224DA8501CC3F0320DFAD86D10E89522124245D0A80E4EF1580FC00D7D7A8563D74CD523F3B2EE38E1F7CDBF4FD6FF64F548EFCB180E98F02401BCE495EE27BFADB348D979D39B09E89AE07EAC44A8A9187EB05942A2E81AFA36B67398A04A67A5AB12392C67C2C53236A992A4AF8F21CB51454AA7AAA0A93EFA592A43003CF73D1F48048C422694A2AD3300D895E661881F0F05C1420F042626DE81A86E687695222A2E7291009DFF2E4370249B59EFC4F1C571300E1A2A179553CDDFAA1EF695F1998C83FFC870EA43F68006D5C91DE1204FEBB7CB42D2A2D04E10909238DA489F0EDBB9EA12290EB790A4CF267A9"
"19139";"89504E470D0A1A0A0000000D4948445200000090000000900806000000E746E2B8000000017352474200AECE1CE90000200049444154785EE49D07785575BAEE7FABECBED30B24900204085540114414057B1B7506100B228EBD63031B8A58B01766EC7DD4B1228A0D6C5840417A6F490869A4D75D57B9CFFFBFF60ECCB9E7DCD366E6CC9CBB9F27023165EDB5DEF595F77DBF6F29FC7FF62A19498E1AD507AA96D2CFB0EC625B537ABB75254F51C9B12CEB70140F966261DB168A02BAAA8166A0291A180AAA658833B64AD1620D86A2D66253A55B5605B05B51D8B96E1D0DFF3F9D52E57FF39B1D34883C34C62A305A519551AAAA8EB255726C4B453155628689AD2AB85D2A8A408B78A916581A1A0ABAA660A802487EE228C46C85B06EE2575CB88C4EF468084B5550151B557EBF2DBEB53EA7F0B075175D76E79A854FDEBEDAA8DBF4F3EAD5D4FD6F3DCFFFAB0034BC07812EAF7682A699C7697E650A902DAEABA625B0A1A9D8AA8D656AD8710B5B513101B7AEA1693AA060A91A11979F8CA2122EB8E85AC68E9A88AFB9033B66117007A8DABB8FF2CABD94D7EDA170443FFA0D29A577463E46DCC0ADBBD8B5AF02356C608622A8EE145ADBF6F0F0FC731A4D23FE8E615A5F69264BD7AC21F4BF0550FFF4002AE919CC51DCA1B32CCB3AC3B238D55254342FB8DD1622FBE83A88ECA3AAAABC6686AAA21A0A7ACC85A1DAC43C26D899E4950E65F6030F91D5E941D37D58E1183D7373D1348D6DBBF7D0D8D888699A2C78F2213E7CEF7D426D1DD457ECC3B02C3EFDF04376ECDC41435313EE40901816F72D789087E7CC61EE634F935790495B5B03F7CCBB99F21DDF639BD14FCD88EB63C3887FB873278DFFCC60FAA70550BF7CDF3996C534B0CFB0EC68770AB245C9E2059F0F14D5C6E552401551C80943B6A960286EC21E85BE030EE7C1056FE36D0A11336DA2968D8A45CFDC6CC2D110018F0F97CB85655BF87C3E9A9B9BF1E83AEB7E5DC36BAFBEC6CE8A32FCA9416EB96B0E83870E211C8F126EEAC2E372E3F3FAB8E1A269CC7DF42976EFDE45496929358DFB6969AAE2D1076F40373B30E2601AF662D354DFDEB933F6CE3F2390FEA900D427DF33D08EA9332D959951239E9D3CE1021A22C08888A3B82C5C5E0B8F8C426E545541B355DADD5172235E6ABD41163EFD1EF92905A8B628926D4296C1FA5FD73168C040F20B7B8369A3AA1A7EBF4FFE8A86A64619C1F6EEDD4B616121FE40808ABD15D88681A5805BD3717B3C78BD5E815A023E2FBB2BCAB9F282DFB1F4BB55F8D352506C156C85EF7E5949668AC23557FD0EDD0AA15810B72D913E1B4CD37EC5EB355EDAB0819DFF2C60FAA7005069EFE0045BB1AF340C7B8A69D8444D83B82DAA17E7A5DB0ABA2884351BCD036E8F89C7AB480089E2D8F444C8F0F6E1EA479FA338588847F361849D"
"19138";"89504E470D0A1A0A0000000D4948445200000090000000900806000000E746E2B8000000017352474200AECE1CE90000200049444154785EE4BD0798A567593E7E7FBD9D367D667B7693DD6C7A36452095164A084504838526454040FC290651690A445150412408A1A8480B2D4068C92F0402092984F4B27D67777676664EFF7AF95FF7F39E59C0BF5DAABF735DE7DA9D993367BEF37ECFFB94FBBE9FE7D5F0FFD8A356C3946599DBAAAADA9297D52643D7D6199636E778E654ADA19F6D9A0EB238479A1628F20A795EA22A2D54007433C3F8A487E658EDE63C0B8FB417BA87FABDE24055587BF2B27AC871F207161670E4FFA525D5FE377FD8C9497F4EB7F287398E7E56551A3B86C3724755E553966D40D3F8D1691605CA5283E500AD71178EE32289120C0731CA123061AAD79A26343387E356B06C07BE57228F320C7A157A9D02790AE87AC9972D1695717B5994B71A96F99D2CD3BE7DE4C870E17FEB3AFFAF32A099190461828B74CB798CEF69CF8CA37412D0D1683A302A204D80B2D0607815EA9E0FC73411B46AE80C422C2EB56198151C4787636A30A0036585649843D70D4469023F30516FEAC822074916412B75F9593828511415348D0609E4155055FC5A83AE57A80C2C15283F9A45F95797CDE2CB3888F07F8B41FDDC1B908424577F5A559A4F06B48B51698051C2F50CE4393D868EB17107864E03AAE07B2DD8BA06CFF1E4E60FC2368AAA407B90A22C0B402BE1DB162CDD409557187432A469892CAFA0F17D7DC0B63518862136C0F74C62202F4A545529DF2FE8D78A429E9AA6A3D20A68A68E3C2990A515921C9FD7F2EAB3AE8BABFA7D2CFD3C1BD3CFAD014DCED897E679F62C407BB2E338A8D57564191047BCD9050CC3445194A8D52DB426E80D80AA34313E3E835A6D125B8E3D11BD618CDD3B6F83ADE788E2184992218E32C4FD215CCB469517C892027421D04BE84605DB36511819745D475996C85303C3418138CE519434181A308E1A180DCEB27544598664A021890B2419A057251C4B836DEB9F3174FB23878F441FFD7934A49F2B03AA4F3ADB5065CFB76CEBF9BA994DE64989AA70603BC0E4942921A8DFCD9066258ADC449EF1E655189F320194C8B2128E1DE0914F7826B66C3C0E13AD09DC76CFADD8F7E0ED88FB2B082B0355A461E9F021F8A6812C8E00CD826BFBA8AC1CD00B9448606A8584C234CD31088168084451AE3C18936D1A9155A23916C00E52C99BB214E8AD54E8AEF0772BE83AE038161A754B7E9626E511CB31AEB42BFD7DBBE6FB0FFCBC18D3CF8501B9355CE059FA4B754B7FA6E198D0CD526E56991972B3182A5C4F4350D791672A3966BE93C4152C4B43BD69C1B47324918E3573C7E0B81376E0FC732E401EE7D8B9FB7EECDA7927744DC7C4F834E238C3BEBD0F211BF6910C071846295CD7831DE8"
"19249";"89504E470D0A1A0A0000000D4948445200000081000000810806000000E7A0D950000000017352474200AECE1CE90000200049444154785EDCBD09946D695526F89DF99C3B4F31BD7863BE21E724131248144AA8C19A5A5BED05967659026D8B6DAD6569D9AB5A2CED8582E98038B57639D08096029296D88D968A280EC5D2B2814486CC2433DFFC225E44DC7938F3D4EBDBFFB92FD376420584CA5C77C57B2F22EE3DE7FCFBDFFBDBDFFEF6FE35FC37F8DFBF7AF81FF45FF8C08377C6B17FFE8FFFE843673EF9C4C593F349B01305E9A6AEEBDD1265CB34B4AE6959701C0B053224798C66AB3EEDF6FB8BA44827CB5530CCB2F2A66E98D71A4DF772B7D77C2A8DE2C77FFB279E18FFB7F6C8B4CFFB1B7A398CD3D71B2F4159BEC874ED17D49BF6031BDB9D53BBBBDB300C034F3F7509D7AE1E204B00943A6CDB4296C748E30445A9C1AB39B01D03BAA561B0D943A3D3440920882294D09024098A3C85EB5AE0C3B26CE75A9EA61F8EE2F88F354DFBC313FE8D3F78E411E49FCFCFF1F3D208769E6BDF893CFBA780F6C525F0F76D6E670DB05D07A6ADA3D9F250AB7B300C1DF3F902C3A309B2B48465DB68366A288A04FE2A400103AEEBC0720C6886866EBF0DAFE142373414650ECBB1C0F74DC200FE6A85A228D16834C59856AB1065A9A3D56CA77E10FCCE74B2786F9EE7BFFED4AF8D1FFF7C3388CF1B23F8E2AF7FDE1DD3C9E4E5D3F1EC2BC2A57F7F96E4288B129AAE816EDDB44C79E9A68E7AA306AFE6C2B66D24498CE9748E2CCB619A06EA752E32108601A059D0741D257259F456A7897AD38365EB706A26A015705D1BAD6613691CCBE29B86833429707438C674BA40BDD1C46AB914CFC19FEDF59B1F713CE7972D577FE43FBDEE434F7C3E18C4E7BC11BCE4D5F7BED2329D7F6594DACB16D319568B158255803CCD91A72974C380611AB06CC6F602D03498B68D5A8DDEA0266B90A5298AB2405164304C4D8C204E12E4397FA3405916302D035B3B03B8350B791103460EC735D1EF77717C67079EE3C0B1EB188F66D8BB7188D97485E5D28765D9286946F41CB601DBD5A09B40AFDF8163D9EF8FFCD5CFFDCCB7FED1DB3E978DE173D2089EF7F2DB4E8671FC0D49927CBDAE1BFD46AD011306A255085DD3100711D224459AC4B2E8DCF1866D202B3289E39AA68BEBB72C4B5E8EAB00A0A6978813C67AF5BF6900A556228E4359C09DDD4D145A8638F1013DC760A38BDDE33B68D298F2027198623A59607838419A9628F212B6E3A05EAFC967F377DD9A26E1A8DEACA3D7EBA24C33B88635EEB65A3F5D6F5A3FF9A577FFD8B5CF3583F89C32827FFE8D0FDD59D8F63747E1EAEB8787430C0F47D07503AD461B5A5AC05FF8B04C0B7992228E1294452E5E80AE5FB374D9D59A1801772361822E3BDFABDB44FEA8D51D04F10A4992C2756C743B0D71"
"19248";"89504E470D0A1A0A0000000D494844520000007E0000007E0806000000E223A588000000017352474200AECE1CE90000200049444154785EDCBD79B065FB551EF6ED799F79BCF3D0F7F63CBCD7DD6FE8F7A48726260990CB983150097F2422B8522E405812203018B962633B525044522E6C118750760061143CA0606C8C10E00092D080D4EFF57CE7E1CCE33E7B4E7DEBB74F0B2206011A7D4BB75AAFFBDE73CFDDEBB7D6FAD6B7BEB57E1AFE0BFB587CC23977FDE68DCB5FFE9A579F7FE2FAD5AD76BBBD7EE7CEEDE5FEA0D7DCD85CAF9E3F7F76B95EAF014870787488DFFFE087B0B7B78F99E71F2769DA8F93A8BDB6B178FCD45357F7D736561F85A177EF68EFE0C5EFFFB69FB9FF5FD2A3D2BE947F99E2752C968CE22B37D7575F9E427BB6757AFA946599E5EB37AEE2D95B4F6373730393C90427A7C7984C4668361B585A59423E9F431447383D3DC19D3B77E0B839D46A75689A86C1A00FCBD1B1B1B18285A506922446A7D341ABD51EEEEDED7DE4EEDD07BF7FB077F09FC351F081FBBF83D32FD5E7F72567F82B5F517DD56030FD5A24E957DBB6F3CCE2E222AE5DBB0A5DD3B07FB007CB32B179661D67CE6CA25229238A2278DE14536F8A5CCE41A55A45B158401885386D9DE2F0F0009B67CE607BFB2C52003B8F1EA2DD69C1B20DD4EA1538AE8D280C31F53CECEFEFE3A597EE607FEF089E17208E930F85117ECD71ECF73DFCF5D96F7E291D822F09C37FD577DC78C5E5CB97BE756F77E71B7677F7D6A330866198C8E572585E5EC2B3CF3C0D4D4BB1B3FB08A6A98B6797CB25388E2D5E9CA40926D309E23846A95442A3D9803F9B61777F0FBB7BBBD8D8D8C0F6F636745D93F0DF6AB71145A144061A5ED7004D07BAFD1E7677F7D03A6DC3F74384618CD16802A41A2A95CAFED6D6D67B736EF1177EF6EFFF87DFFA623F045FB4862F5D4603B1F9DFD6EB85373C71EDCAE5679EBE89FDFD3D9C9C9EC2755DB86E0EBAA6A35A2DE3EAD54BD0F41447C7FB300D5D0E846D5BB01D1BA661224E628CC663F8BE8F7C3E8F858505CC68F8DD5D3CDA7D84E6C202D6D7D761DBB61C90417F28298211403734E87A2AD1228C03F4077D4C265384412C5EDF6E75301E4F0168922ED234E56BBF689AE64FC77EF4CF7FEFBD079D2FC643F04567F8859B859B7110FD0F86667E57AD56C5D699753CF9E4159C3F7F16472747984E3C546B5514F279F8331F5114A0D1A8C23081F16480348D61983A0CC340215F102F0E82009EE721082358968D72B90C6F36C3E9C9891CA446B389A5E5258910746DFE8C5EAF8F993F9343C34395CF3B302C208C028461047F166232F17172728AE3A313F4FB43689A2E51254912140A39390C866EFCD36ABDF24F7EE3FFB8FB912FA603F04563F8CB5F79E6E5C35EFBFB023FFC16D7A6572EE2FCB9B3387B760B2BCB0BC8B9"
"19247";"89504E470D0A1A0A0000000D4948445200000090000000900806000000E746E2B8000000017352474200AECE1CE90000200049444154785EE4BD09D42D695525B8638EB81177FEEF3FBDFF0D992F9304111014ABB410AA96032AD6204B04B51CA015AAA1B4BA9C0A5C96663980555AB296089A965A2AABDB69B5B496200EDDDAD8B55C0D8A4BA91693CC7CF9867FBCF3101137E6E8B5CF77EF4BA8D29279B01EDCF55EBEE1FFEF8DD8DF39FBECB3CF090DFF83FDF8E69FFDBC41348D1FB8188EAEAFC2F05AE0378F02BF79D00C8281EF079F6D180656AB15CECFCE309B4EE1382EF6F7F6B1D3DF81A6E908C33592247F67BA2E478BE5FAECE46C743C9D2E6FA669F1586E170F877F88D1FF489754FBDBFC61FFDD5B5FB46FBAF89CB2289F9D66C5B32CD37D565960707E7E811B376E60B50AD10CDA68062D34FC06089E22CF91A539A25588E562054D33D06EB6E1BA1EC25582F92C2480108629E68B18519CC9BFF3031F9663218AE35155E7EFBE74D079F7034FBEF42ED733FEE8E7BEF35DE77F5BAFF3DF2A00FDA7D3071BE17CF1FCF3D3B3CF9F2DE62F2ECB7CA728729465898617A0D71B40D74C9C9D9DE3BDEF7D2F46A3094CC386AE9B705D17B66DC3D07534FD00B6E5200ED7C8D202866EA1AE740C87335C9C4F11AF53AC5619D2B484D7B0B0BB3BC0DEC13E1CC7C6743E459AC6B874A98BA73FED7EB8AE859393E3719AA4BF5CEBFAFF599BC9EFBCF93BFE3CFADB02A84F7900BDF4C73E6F70CFA5FE975FBBF7DA3F6AF8EE0B46A30BDCB97307F3F91C799E097874C340E007E8767B929266B3051EFECB8771E7CE0992B444596AF03C1781EFC1B12C1CEE1F627FEF00795A62B988108729E228C5C9C904272723C4710E4047AB15E0F295035CBBF71AFA3B3DD47581C56286E57206CFD3F1B4A73F09BD5E1767676777DF4F5E9648B2F4ADAEEBFE86D76EBEE50D2FFBAD4FE994F7290BA0AF78F0E92F711CE325EBF5EA1F5BB68E9D414F6E28234E92AC91E785A4164696B2AC104511D234459A6608C315A6D305E238455E00D03474DA4D047E03A86A0CFABB18F4F790C41966E32566B31516B31017172BCCE66B98A6894B97F6F1A407EEC7FDF7DF8783833DE806B00A17582CA6984C4688E229AE5C39C0DEFE1E168B25E238465D036996633A9BC1B22C1C1C1C4037B4DF88C2E52FBEFEE56FFFA54FC5A8F42905A0E77CD3A5278561F83FED1FEEBCECFAF52B3B6916613CB9408D129D4E0BBD5E078EEBC0304CD41590E725CAA296FB52D525E238C26231C76C36C572B92272E0350234FC009EEBA2C80BAC1621DACD0EBAED1E96F308F3C9721381324C676B89583B3B3D7CFAA77F3A9EF18CA7E1E8F2A1A4AE781D623E9F62B55A623A9B603C3983EB1968B75B1B5CE8288A12D3F91CA7A7E7F2EBC1CE00AEEB20CDD728AA74EC7ACECF5A"
"19244";"89504E470D0A1A0A0000000D494844520000006C0000006C08060000008F6657CD000000017352474200AECE1CE900000044655849664D4D002A00000008000187690004000000010000001A000000000003A00100030000000100010000A0020004000000010000006CA0030004000000010000006C00000000F9DBDA1E00004000494441547801D5BD779465F75DE0F97BA95EAA5C5D5D9D93D4AD1C6CC9B264CB46065936C6C720B08D9759F0CE629B303B039C030307383B98597697C3FE818759C2B0AC8135B67730EB8387E088050E12922CC9CAA9D5395575E5F4F2DBCFE77BAB5A9213968D6C73BB5FBDF7EEBBF717BE39FD7E3797FE051D7FF089C323B9523A54CA150EE6FBBD7DBD5C7F4FAE98DBD9EFA5C9947A93A99F1B4AB93494FAA994FA7D67D6E6B59CEBF797FBFDFE4C2EA5997EEA9DCAF773C77B297734E5FB4FB5DAC5277FE2B5172DFE4B010373F8CE3DDEFBE923FBFA85FEF500F7A5B95C7A0923BD82D7EE3C7F7CF5FDF39C230F8E40CCB367FCCE3F10C639DE377FD9381F27F2E904BF3F92EFA5FB41E07DED6EFFDE7FFD9ACB8E6E5EFA9DF67E610EDF29037BEFE78E5CDBCBA55BF2BDDCCDBDD47F0503DCFEA563CB0169079EBFF027BB22D713139B087AEE5D222C3B44E0E6D1CF659F0BBE715F1F56E575269FCB7D3E57C87DB69FCBDFF1AF5E79E881CDEBBF13DEBF2310F6A7F79EDED36DB75F07FC6E036EB7828DD10BC009EEB8F02D3E88AE602EFEE460BD003B7FF2BDEE06373DFFFA0BDF02C11B5CC7C9CDA6BDAFDFEB7986F63224E6F279DB5EA0AF4FF6FAFD8F17FAC58FBDF5E68B8E5F68EBDBF4E1DB8AB0F7DE75F2C65CEABDA99FCFBD31F5FA5705878080A0F64D806C4275F3BBEF5C13B0E78F0813C6724E1EA02BFE04B9E7E3B0B9B8CE93D929AFCEC38DF1CFFB45561FA4C1617E8E5B0B45DE9F2B73730FF1E35FF53BDD8FBCEDE6CBEFDA6CE95BFD7E610ADFCA8EDF7BCF895B00F29B81E0ED007607C80260806F0339F11EDF37479551BDDF2EE0810F88AE40908812194E66A3890C619E10E6FEB67963A0B39F0AD92DFC28FA1085DD76202C7EE65CBE50F04FFCEE9FE0631BEFF74FD3EB87FBB9DE87DE72D365775CB8E05BF4C1297DCB8E3FB9E7C40D40EE4700F5DBE8742A3A1608527B20E8D9F7849812FABD6EF62EA6145379A83E17CA8BBBF95D406EE222DEC56DCC8AF399584BF98D7751E3A1CECA0C91F89A21ACD36618F6C539EE2FC86181304E443FD9B5F13783DA39FAFB6027D77FFF5B5F76C9DDCFF9F545FDF82D41D8FBEE3AB9AB57C8BF1D40FF28B3B924836706BC4D4425B8243E773B097D967A9D566AADADA4F5C53900984FE5FA702AD58652B15884F2F3D9B5BD0ECDC12D22A4C0CB26790542053A00CF01F8BCBFD9297FF2003F8C8CF80A11705E51D8A5BFE83FA72E4BA998E7BE"
"19245";"89504E470D0A1A0A0000000D49484452000000860000008608060000001879F291000000017352474200AECE1CE90000200049444154785EDCBD099065E95526F6DD7D79FBCB3DB3B6ACADABAAABBBAA7A51B79A46A00534A30181420C0C040384193476E0180C0E63EC098F233C1E478C27C64680ED1048031AB10C520BB4AB9190D4FB56DDA5DEAAABBBF625F7EDEDEFDDFD3ABEF3DFD7DD5A58045A4922D5455656E67BF79EFF9CEF7CDF77CED5F00FF8E3C3796ED8CFAC1FB374ED70D86FEDEF7696F6D69BE5859D5667C6F1AA6F74FD0ADAED16FAFD0E7ADD1646518A5263060B078EA03C398DCCB0916BDA6379AEAFE7C89791E9D7015C828EF3FA6E9CFB494D4BFFA15E3EED1FD21B7BFF83674F4D2F1E7A63961B776A316ED3B3E4D6340861A5809EC508830E7CCF44B7DF42968E10477D24F108691C6173B38DD620C6E2B15398D873109A5746A69B80A641CB35E439902107F2AFB864CF0138A3E5380DE0F19F5CD49EFD87723DBFA703E33DFFEA3D7B0CABF28F0E1CBCF587160E1CFB09AF3985DCF1A1992E0CD341CEF31CC73092187110403334D88E83D1A88BF595CB0806DB700DC0300C0C82045E630653FB0E037E0DA16640370CE81218BCDD1A3280A181BFEEA269C047720D9FCF62DCFFD307B51BDFAB81F23D1718B7DC39B37FD8D5DEBD6FF1F08F4FCDEDBAE7D4A97B70F3F137607573076BDB3B88351D878FDD8AC9D95D0883147A96208F860883114CDB43AE9948D30471D0C5CEE60AA27004CFF560F965788D49F893B3C83D1F7171FB35A68A5C83065D9205834385C9F8D27DFD50D19143CBB24775681F4B74FDA33FB94FBBF2BD1424DF3381F1233FF1C69FEBF4DABF341A26F70E073134DD0531C2CFFCB35FC091C327B1BDD3C58B2F9FC5D4DC146E39793B6038D8DCEAC0440E2B4F11C5116CA70CC72B218E630CFA5D685A0EC7B7A19B26823881EEFAB0CB35449A814422C040CE80C835C91EB66B01BA2A2DBA6142D3F97D19725D83A1F3526A48F28CD507660E18592E1926E11772ED6123D77EEFDDFBB50F7D2F04C8777560FCEAAFFECCFE1BABEBEF79F6F9E77E31473E59ADD6D06EF7E5061B868D5AAD8EC5BD073033318FA3476E46B55985C99BA76988E21419340C3A5DE47188925F865FAEC1763CF4FB7DEC6C6D23CD33F8D50A823090AF595E059A53C16637C42806A0BB806640D334789E8B7ABD8A4AA504C771E4E7E8B68554D3A159260CCB8269EAC80C05438C2C832D292647669A88B21C46AEC182B6996BF9077244EF7BD7A277F5BB3548BE2B03E38D6F3A78EAA77EFA27FFD5CCC4EE5F78E1F997F0C0030FA1D3ED21CB7384610CCFABA05AADC33435204D606A26F62F1EC0A93B6E87E33BB87CE922CA7E195353134096C0360D34AA75B4BB7D6C6C6C214D33A44986DE60804AA389308A31E88CE055"
"19246";"89504E470D0A1A0A0000000D49484452000000860000008608060000001879F291000000017352474200AECE1CE90000200049444154785EDCBD798C1C779626F6456444E47D67D65D95C92229522725EA68A925B5BA5BADA3A5EE9E1DEC5CBB33B017D899310C1B1E7B0CFB8F35B00BEC7A0DD8C61ABBB386813DC6EBF5011B1ECFCC7AAE56B7BA5BB7289112254A94D4E25907CF3AB3F28C3B8CEFFD228BD4C92AAAC899710A259255999151192FDEF1BDEF7D4FC3FF8F1F511425CE9D3B775B1004B70098D575BD1186E1A4A669A3001EDAE2AFFEBAA66997019C0FC37001C0695DD74F4C4F4F7FA4695AB0C563FCB57B9AF6D7EE8CBFE484E7E6E6EED175FDA1288AEE8FA2E8A0A66977DDC8DF4FD3B46361181ED575FD4810048776EDDAF5EE8D7CBF9B79ECBFD68671FAF4E919C3309E06F004805FBA991FDC97BCD71F0078DE308CE726272717FF8A9CD3B64FE3AF9D61CCCFCFCF4651F437354DFB1B00BEBEEDDFF8E6BEE0B5288AFE1D803F6C369B676FEE5B7FB577FB6B6318F3F3F3FF1E80DF02F0C857FB953FF9EA288AE41B9A76C33F8A5700FCAB46A3F1BFEDE4F9DFA863DDF04FE3AB9C38BD0380DF06F07701D4B673ACE105BFFA35C38BCF9FDD0443F8DCD38DA26859D3B4DF0FC3F05FECDAB56B6E3BBFD3CD7CEE5F49C36012A969DA7F02E0EF5CEF87F1658671BDC7DCE9D74551F46FC230FC67B3B3B3C776FAD85FF5787FA50C637171F1CE300CFF4B00BFF1557FB14FBF5E3C441441058EAB42C755DFDBE9F7DCC6F1FE574DD3FEFB999999E3DB78CD0D7DEA5F09C33875EAD48865597F3F8AA2FFE8F37E5B9EE4F082C697F533DF91EFC71759A50B1A34BE2AE2DFF8A3084110C0F73D78BE2F4F4FE809248C040CC390D0A269BA7AB2FADF271E9F7CFFCF9E257FBE031FE63FB72CEB1F8D8F8F2FDFD0ABBE8583EFC0EFB28577F992A72C2C2CFC6E1485FF64F8942B272497552EAE1E9B4118698878D57901874963A47EAE2144100608112A2B8A22849E07D7B1E10C6C0CBA3DF47A5D6CB45AD8686FC0F33DA45229E4F279E40A05E4723964737998A68944C24082C6A227D47B89D168D0F504B444029A1E7B9FA111F19FF1D9F25B7AA47EAE4C3302FF29CFE0A9AB7F5CEBF19F351A8D7F7AAD27DDC89F6FE92C6FC409CCCFCFB3BAE02F7FEFD5FEE0B386A12EB278005D978F3F0CF9A103FC57E0B9083C0FBD4E1BDD7E17BEEF230A4338AE838DB5359C5B5CC4CAD2323A1B1B18F47BF05C0FBEEFC2765DF8412017D9304DE47279E40B4564B259148A05148BFC7B1E7AC214C3A01195CA15144B45E46948F99C18104D511C93161BB278281D1AFF1443A64188A56EC730F8911F89A2E83F6D369BAFDF88CFFF5AC7FC4B318CB9B9B9FF5AD3B4FFEA5A27A79CB3F219CA104284818728F4E10E6C74DB2DAC5CBE84F3E7CE61"
"19251";"89504E470D0A1A0A0000000D494844520000008C0000008C0806000000AEC0413E000000017352474200AECE1CE90000200049444154785EE4BD79946D795526F89DF1CE37E678538E403A41972D32A920CB5AA5FD8FD6EAEEBFAA2BC984850552A2344E9014A82868015A5A625905082A90A024AEAA5ED2FF74DBAB5C6D0B025A0832E49CF9E6F762BA37EE7CEE197B7D7BFF7EE7DE1B2FE24524642A7447AE9B112FE28EE77C67EF6FEFFDEDBD1DFCFFE4EBEEB77FB61DD7E2EF70E1DE053877A0C86F057016C02680179FF0307C0EC07691E36AE1E0928BFC7CEE3A8F8693F0A18FBDFD25FD133EC7B7F4DD9C6FE9777FC49BBFE737FE8F469A37BE3F87F3A2A2C8BFD729F07C38B8DD71661FB7288AA7EDA39BA7BD80025F281CFC3717CEE77D77F4998FFEC2FF307ADA5EE49BE489FE3F03987FF19EBF7A990BE747F2A2F821003F70DCF17D3A004300EAF314E6FB0DAFFA6914F80BB8F8F307EE7BF95F1EF79EBE15FEFE2D0D98BBDFF3991F2D1CFC8F4551FCF87107FB1B05C8CD1F7F736B651FEB38F81072F77FFBC4BF79D9FF7EDCFBFD66FDFBB71C60FEE5BB3FF322B8CEDD40F15300DC931CD8F9933DFFF3BC8B3AEC798E02C9E2EF4FE6DA0E3C570EE03F14AEF3B14FBEF9073F7F92CFF0CD729F6F19C0FC8BF77CE6D540FE6AC771C5DDDCF48D9354CC711439A5F3FF363F7FBD80D1A7B340391960E61F73804B7D1A39FEE081B7BEFC0FBE594071B3F7F14D0D98BBDFFBD9763ECD7E1A057E16C0AAFD203C45879D6CF93073C456EE5F14284FE9819F4F72828E23CA96C3E84B1F7D388FB26CFCBDFCAD40C771F05BFEB4F2BBDFCC11D73725600814C4C52F1445F1B61224E68AB627FFE0C939EA641DE58EE62DCE4DAFA8634170B885390A6807DFE70C30021AF9728AE21D5E52FDCD6F46E07CD301E6EEDFFCEC7D8E837F3B6FC2ED492F4FFE819378D22BFB2027793A3EFCBC85B1C03B0C14072D908DB00E058C79A20278CB27FECDCBDF75124BF80F759FA7E3983D2DEFF515BFFDF9BB9DA2B87FFEC90E5A0739B8075EEDEB05CBB13CE8C49FEA641C6616292D1EF205C00837E37F8B5F8553DCFD27F7BDFCE3277E4BCFE01DFFD101F3CADFFAFC737314B4283F76B3CF690FECC94ECF81037E18E13D86732C12DB9BBEB343FF7890B3DC2C2C570E5328589C1B01635EE053059CB7FCF17D2FFDEA338887639FFA1F1530AFF8779F7BB3E3E05D8B31CFD190E081CDEDC9B7EFFC90BBCFAC8EB148F3FCC7464865A435E30E07632F7D6A3EC7E261E2BF4A0C3A6A158480944F652D2109ED613CBC9811644B7A254740C0CC6C5FC9D716CC2EEEFBF85B5EF6EE63CFEC3374877F14C0FC2FBFF5F9E7BA45FEBB8EE3FC90BE01FEDF1C747392E63FAF3D8802183981339458132EF9D63930D8C7CBBD79F5F249EC99962B3A87C31BE1204F"
"19250";"89504E470D0A1A0A0000000D49484452000000770000007708060000003939DF8A000000017352474200AECE1CE90000200049444154785EDCBD09B8A5675526FAFEF3B0FF3D9EF99C9AE74A555299814420320F01C580408B60A35CE182B64833D968B76D2B5EF0AA577D040754541401912B32852103992A4955924A556A1E4E0D67DEF3F4CF7F3FEFFAF7497B6FB7574450BC274FA5AA4E9DB3CFDEDFFAD65AEF7AD7BBD656F0FF838FB7BCE92DFB8CA9A9BD8F0DB41D8F05A52DD1FE1BE68C0D5BA64353AF658A5A063096290A00158A9A41C954CCF98BF5E823BFD49E593A574F0D2CF71A8DCBC37E78A113AA67CCEB5F7AA271D71F1CFBB77E347CC5FFA63EC6C7C767354D7BCEC68D1B6F999A9EBCD9369DEB5CC7315DCF455CDC80AF3681CBE35B60EF3900BF58064C1D2932288A0A280A323585961AB0F410FAD73F832DF77D016AB08A7EA7894127C25A5AC58E9FFF1D9CDAB92F4CE3E87096660FA7C81E4092DE8B3BB62CFE5B3AAC7F13C6DDBD7BDFADBD41F7E581EFBF384DB3EBD32446D12BA25AAB616E661A6EB10CDBD4511E9BC4F1B082836901E1B67DD0B66C415C2820850264B4AD8254CDA0A60A60A8981CD691FEF1873179E908922844ABD1437FCB6D987CFF07318F0C499A214D53B9144A9641D1D54388B3AFA8AAF685F807E71EF85E37F4F7AC715BFDF0FA34495F77F4C8E157FFEDDF7E7EEB97BFF425B4DB2DF8C321B22C439224302D0B33D393D8BA753B4CDD40B95A02EC59DCDD5571BA320767CF5E846313884D134872E3D250000DA6C35233941FF932F42FFE09C6831097DA09C6DEF65F7165CF3508B224BF1400B28CFF03541548930C3654E0D29973E50B0F7EFA8E39F793BFFB9E773EFEBD68E8EF39E39E387DE1C79D82F766CF736FD154159AA6A2D16CE1E37FFC47B8EF9EBB71FAD449F86184280C91A4292CCBC435FBAF46B95482572EA26814316F4FE0CEB68A78CB5EA85BB7212C178194619926E0FFE8C62A54DDC286AC87CEDFFE214A479F44B6E546646FF8312CA53AE23816AB329CD3B8191428BC14A9022F1860F0D8BD78B6B682035A1F670E1DBAEFB19327FE68E1C2A53FFE5E32F2F784711F3876AC5635DD9F8AE3F8A701D4D22442B15882EDB8700B05100CA551842F7FF1EFF0A52F7C110F1D7C08BEEF633818C859564A451CB8E6005CAF0835CB604C6DC45D0D0517CA5B61EEDC837866123174715A052A321A57F2B006D3D05118ACA17FE830363EEBB9B86098409C20CA12A8FC32F9A081E59BA12631EC2BE7513AFF306E33BA185C3889230F3F86611A303AAC6999F25B866DFCF6850B175AFFDA86FE5735EEFB3EF8C1EA4CB1FCEE4AB5FAB3E3E3E3D6F8D8380AAE0B9E5214C6306C1B954A4DBC53D70C3A1B9E3A7A0C9FF9CCA7F095AF7C19F5D55520A34725D8B563272626A7613B36"
"19953";"89504E470D0A1A0A0000000D494844520000006C0000006C08060000008F6657CD000000017352474200AECE1CE900000044655849664D4D002A00000008000187690004000000010000001A000000000003A00100030000000100010000A0020004000000010000006CA0030004000000010000006C00000000F9DBDA1E00004000494441547801D4BD0994A667799EF9FCFBBED7BE75557757EF8B7A53774B429664A105108BC180978931D807CC8C4FCC193B13E7381964CF649C49CE993971669CC44BF0D8216061F08284250B90008996D4DD6A49BDA897EAAAAE7DFFF77D9BEBFE0A117080E085D829287577D5BF7CDFFB6CF7733FF7FBFE2EFBEFE8EBFEFB8F25BCDEE8AE7AAB3DE9F5B8C6FB479263B56A63B8D3B5DE52A1D2DBA8D663C57C29E676797CE6326B775A4D73778A13E3A3C54432BE562C16D65CDEDA427234351B8A0667BC01F7756FAC73ED5F7CF8B1FC7F2FCBC06DFDFDFD7AE8A17BC65D2E3B5EA9958FA67B324772B9C27E7FC033EA72638C76D72A95B2B9BA6EF3B8BC566F34AD5AAE5AA7D53297DB653EAFCFBAAEB645927E0B847D96E84958B3DDB466B76699BEA40DF4F7582C16B66EA735D76C372E0583C197ADD33E5FAE36CEFEFAC73E35F3F77555FEDE19EC9DEF7CF36DEE80F79E5AAD7C57B76377745A3658ABB1C8FD19C710D54AD50AC58255AB35AB14EA9648C42D9E8C58B158B26AB16A8D5ACBBADDAEF9035EEBBA3B36B96F0063456DB352B456B76D1E8F9BE7442D958858028379BC1E7EC632E019F546C3DADDE652BBD378BEDEA87ECDE7F53CF32F3FF6C485BF4FC6FB7B61B0BBEE3F3616F1451F0C043D0FD41ACDFBD3A954B25C2E59AD56B7803F68D55AC57A07D2D66C756C737393B5ED9A9B28EA765D160A85AC8C115B4456A7D5B6D5B90DAB561AE6F57B882C8FF50D47F94E993BE433AFCFCBDA772D140E583A15B36824603E7ED6C5333A7CD75B0D6B34AB56AE16787DB7A5D2895C2A157BBAEBAA3ED5EC749FFCC7EF7D6CF6EFDA787FA7067BE447EE3F55CA17DF1E0A47DED66A370F6A3103013F1110B366B381212AD66E99797C2E8BA7A3562ED588848EB915115DB362A1446AEC58B3D1B260246C855CD1F29B05DB313661A9B0DFAE4C5FB76EB063BD4329BE3318CC677EBFD7C2182C160F914A3BE625C264FC26062F94F2D6EC34ACE36E1B35CF4291AE45C34122D06BA552E93522EFF32E6BFCE9AFFCE4D367FEAE0CF77762B00FFCCC7BEE717BEC3D855CE15DEDB66B48F5A650C80312E4E94DEBE94D11311DA746351A6DEB1BE8B57AB3EEFCAC4B5A5334297D111A2CA60FA3B5CD8511B31B39A22668EF7BF011F3D537EC95AB57ECE2E61AC60C983F84A122214B6752964C861DC307FD7EEB9073F59A4A89F9524E29D1DC3EB39EFE84F9024DB04B071FF15AADDAB240D0F8B3B6E877"
"19954";"89504E470D0A1A0A0000000D494844520000006C0000006C08060000008F6657CD000000017352474200AECE1CE900000044655849664D4D002A00000008000187690004000000010000001A000000000003A00100030000000100010000A0020004000000010000006CA0030004000000010000006C00000000F9DBDA1E00004000494441547801D5BD79B06D577DE7B7CE3CDD799EDE3CE9E9691E900C02C4248C07DCC4D0D585CBEDAE5439C44E5C6DA7D2DD26AE74243A894DEC76635725EDB4F3873BE5D8A49A328E4DB9031620075B089025819090DEFCEE7DEFBE3BCFF7DC339F7C3E6BBF2B04A8B198F196CEBBE79EB3F7DA6BFDC6EF6F58FBA6C2DFA3E3EEB71EED4F57B3270BE5F489542A7DB81BD207DBED30DD6E76475B8DF668ABD3E9CD64D3BDB97C2697CBA543BBD56ED66ACDED74266CF70F95977B2A85E5742A5CE3BBD96C2E7BB99BEE9C5BDDA89F7DF43FFCEDE6DF1732A47E98277AFF83371DAEEFB5EE09A173572E9FBDB3D5EE9EA9D7DA074AE54CA894F3A1DB09A1D94A855ABD1D3AAD4EE8F25F0646E5F399908233303134EAAD90CE863036DE1386467A422E9FE6F356D8DD6EB0F454E8A652739D907A2ED5693F9DCFE59EEAB43B4FFEE9879FB8FCC34A971F3A86BDF66D67EEC874C38368C003BBBBCDD7D6F69A93D95C2A64217AB71B427DAF1DB230A55CC9C29474A8ED75C2DE6E2B7EC719A10313D39954C870BEEFDBFC53E9CD851118562AE5428EB14AE56CC8A076A95436D46AEDB0BCB811DACD66E81B283276F67A219F7E3C95EAFC75A6D07AEC0F3EF485677E9898F743C1B0BB1F387AB09CCFBF3D934A3FD4EE86B7566BCD014C1D262D8406DA90C9A6424F4F3E7450A97A8D0F99751E4D2914B3219BC9A12DADB0B951E33C18C979A9349AC7759EE739A54A0E06E7789F83216A1F9C0F685E2A055353617B630F867742B182D6F24DA9C8009D6E68D55B7032F568BB99FA44B791FAF89FFFF9DFCEFEA099F70365D87DAF3B7E3F96EC9DDD56E72720F4AD52AB05A33CDA7C81A9E2F76ED8DD6D847239172A3DD9D0E2F32ABF67331056B3D84D61163DA7151A688B264F8DCAC19866B31DFA074B6160B81CEAF5261A25A373A1A334745B21872014CA05343287996C86BD6A9DF1DB303683296D87FA6E3BA4BAE97DED7D16FBF9B16C26FD67FFF1CF9F7A2299E5F7FFDF1F08C3EEB8E7F883DD54E7DD98B677A5BA61AAD5C46CA1016D4C9887264FE6B591F23A0C92696A4306CDD0DCA93D79CE49F159BDDEE133988342B59A5D4C274C40AB8A6853CB0FB9A684D6F9BECBF7F8A9902BA4A2866A66F39C9786B9DC2AEC6DD54313C696FA6478363431B7BB9BCDD0E6FE6A2B1698EB33F3F57AF7A3EB6BD58F3CF9C40B8FC5097F1FFFF9BE32ECF61F39F99A4CA6FBDEDEDEFC3F4282C7EB55099F09B56A331230"
"19955";"89504E470D0A1A0A0000000D494844520000006C0000006C08060000008F6657CD000000017352474200AECE1CE900000044655849664D4D002A00000008000187690004000000010000001A000000000003A00100030000000100010000A0020004000000010000006CA0030004000000010000006C00000000F9DBDA1E00004000494441547801D4BD07B8E4E755E6792AE7AA5B75734E9D734B6A4996255BB26559726030B6091E18C3EEF2F02C033BB0BBC012E65933C03033EC2EDE1D0606CC62C2E0C73C3668D6B68C65CB56B0ACACEE56E7DB7D734E752BE7B4BFF77F6DC0603336183C53D2ED1BAAEA1FBE93DEF39EF39D72D97F438F7FF34A27E16D370E353B9D83D6B68976BD3E566F34865BCD56AFB93ABD5EBF37E6F6F9632EB7CFF7E5DB6A98750A66AE42A759DB29AC5CD959BBF8E45A766B6EB9564C2FEEA6776EE58BB59BF3AFBE9AFB6F65195CFF355FE8AF3E5F9970BBDC77B4DBEDDB58F4B3D6711D37976BD4F5D7AEBADD6A59AB5AB07679CF5AE6365728696E7FD03C5E9FB9DD6EE716F59676B5645BD79EB1C5F31FB37A65CD1AF5B679DCA19576A773B552CA5EC86EA7CFB79ACD576E5C5C5CFCAF755DFEDAAD7FFB2FF36DEF7DCB99C4E81DF78F9C7AF3BDD1BEA97B7CB1DE4197D7CF85B9F8EF2F1FAEBF2AB58E99A75536772D6F3597DF5AEEA0B59A0D6BB73BE6F27ACCEBF39B9763487885B59B76E5731FB68DB9E72DE07759B958B1BDDDB4D52A55F3FB314C976D8423DEE7FCDEE8B3F164FF534F7DFA7317FFF2ACDFFE9F3CDFFE4B303B7EFBD4D8F48191EF1E9B1AF8D956D3F7AFDAF5C2771676668ED59BF558B06BD07CC1188BCD5ABAB01E04F555C2D20DB46B565879CD36AF3E631DB7CF628353E60DF8CCE3F3F25AB356A38100EBD66935AC5928586527C37B1068236FE57CC3F2D99A55CB356B343B16EB1A8AA57A0E1DCBECED3E5CC86D7CEFF058F71DC9EEAEAEFED1E9DD9D8D8D6FBBEBFCB60AECB6D71FBDDBEBF1FD68B158FB40D3DAFF83C7E73F160C7A83C150DB5A9D8EC5FB4E5ACFC80933B7C7E4F63A7CE9E1724B686EC7625A08A1B8B560CBE71FB7F5B94B1608775B28D9675E7F98B7791DEBF2F9FD8E7B74B55BE6AA55AC853515B37CAF95916686E7DCD642B2ED0EE76D56CCE76D99DFDBB06AA9188C4422C7BA52BDEF8C76851E8C760546E33DB1D2DE5676D5B9906FC33FDE6FC339EDC08989FBBD7EFF7B7C7EDFBB06C77B86EA8D0EEEABEDB8A55DE28C050EDAC1938F582412C6725EB5C4F86DE6C5CA90215F6D6B375978165802F1B83A56D8DDB28DC525F3B6718D3CEFE658B22CE21FB7C79BBEF2DA58CC5C5863A698B3A5F91BC4AF86057DFD3CBF6CEE4ED982785E59E2DECE8275A5A2168CC4384880D0D9B6F4F6E6C952BE7CB254AEBEFFC0F1D147CDE5F9F8EC95C5A7FEB1D7EF1F"
"19956";"89504E470D0A1A0A0000000D494844520000006C0000006C08060000008F6657CD000000017352474200AECE1CE900000044655849664D4D002A00000008000187690004000000010000001A000000000003A00100030000000100010000A0020004000000010000006CA0030004000000010000006C00000000F9DBDA1E00004000494441547801D4BD0994A4E755A67963DF233222233272DFB3AAB2B2F64D5552492A59B664D9968D01618C01BBED6337B8F10C348B8181D316E74C1FCECCF40C4CCF301CF6364B1B0CC68037EDB2AA542AD5BE5766E5BE4766ECFB1E31CFFD13BB6D9AC52C063AA5ACCACACC88F8FFEF7EF7DEF7BEF7BD5F98E47FA08F8F7DF299C048E4C8AE802F32D1DBD7356CB527076FDDBDDC572AAF462CF652A45868FA0A85BA2F12B5DAB6D62D125B6BD47BBABAF39DFDAD7C36D58EAF2DC6E30E9B67BD50C8AEB8839625BBC334EB31D9EEFFDAAFBD98FD1F65194CFF9A2FF4A77FFA87862BF5F6B1ADC4DC114F87F570B5D89C4AA5DA0393535312E9AD4BA39A946C2E29BD83116EA32EB95443EEDD8B4962AB2E36AB4B9C6EA7381C224E8F88B9EE9256B329B56A4B2AC5A2585C5611535B9A6D5975DA4D77CAC5FA35BBDD7955CCBECB9FF99DCF2FFD6B5D977F7506FBD19FFCE8A1A9FD27CF6C265E3DEDB6451EDC4EAEF724E249C9972A92CF36C4D4B24828EC9750B02163BBA2B2B55911BBB329762C337F2F2DA94C4A9AFC8ED5E41477C02E8D5A552AE59AF8834E69D74CD26A58A55CA949ABDDC2264DF1F8ACFC7E4B5A35AB581D2D69B4DA9BCD7AFBBC3F603B572BE75FFD83DFB974FD5F93F1FE5518EC177FF9938389CCFD27CBF9D613F144FAAD019FABC3ED15191D3A2E0E775E5E79F992544B16C9A64BE2F579309048EF90050F334B6FF7B8AC2CA7C41FB2C8FCDCAAB4DB56E9ED8DC8F67642DC6E9BB4EA16A9564BD268B2EC18C66C6E4928EA9472BE29FE0E9B74757748225E9599DB1BE2C3C026AB4DAC6E8BB81C3669D62B9946BDF5A2C56E79DEE2B03DF7E95F7E71E55FDA78FFA206FBBF7FE53F9DCC66D3EF6E9A36DEB5115BDB2F6D9F148BDB12F4DBD9F90EF1787AA47BA82C37AFA424BE5995ADAD9CB87D4E16D6227B0E78E5DEB52446E9907AB521E5725E2C3687D41B225DA13E59DFDC168F17A360845CA689679AA5236C9772A9243DFD1E422A066937241D6F8A95C7E55235A9D5DA924C9709A3781B1E58AA37C562B5722D6D0976796E396CD52FD48AAD3FFFDF7EEEC50BFF5286FB1731D8AD5BF7CE58ACCDEFAED65BEF9D5FBCD83BBF7A4596E613D21D0DCADAEABA4423DD526DA5A43F7A4AEE2F5E93642A21F94C811C649266A32E278F3F262E8F4FE6E6EEF2775D12DB1BD2C050044CA9D71A2C7C5DCC36BBF40F84241AB563C406DE221208D9A5582A4AB063C7936A5513062B48A1"
"18994";"89504E470D0A1A0A0000000D494844520000005700000057080600000071C8D96C000000017352474200AECE1CE90000200049444154785EE5BD0998A5757526FE7EFB76F75B7B5557F50A0D4D371A4404E302228AC61821C698491C4D260A319A60944C1233A3D164DC899A00121535262A6E18512346408CA2D0B2D3FB5E5DFBADBAFBF2EDF3BCE72B8CFE556C8C99C9F39FFBD04F3755B7EEBDDFF9CEEF9CF7BCE73DA714FC2779A4693A84084F848AB380E43428CA46A498003004C8DFEB0F05298044C5BC96A4352898479A1E03D40348F03074DCA7284AED3FC36529FFB73E449AA62E804B91241703CAD3019C992AFC38349D0225E5DF3FF9C1E73EC673F600E99D48D57F8186AF288AD2FBBF719DFFC78D9B46E9AFA72A5E0CE05794345569C874FD532CAFACE2E0FE03D8303D85990D1BB2AFA7F28C7F8F6D1228B81989F26945573EF9EF79A1C7FBB3FF478C9BA6E99620885E79D7B7BFFBDB85426EE8F4D3B7A3DE6CA05C2CE0DE7BEF876E1A983D7602811FC0D63584690CCBB4609A26CE3BFF29181AAE224E01555937F4CF6EEB1A907E18AA7A83A228871FAFB11EEFF3FF438DEBFBE959F3F3B3AFDBBB67DF2B1085E8743A5055159AAAA15029238E13349B75F43A1D4C8D8FA33FE8A2DFE9A2DFEFA1516FC0711C942B15E89609DBF550191AC1B94F7E122D8C47A3C64F0B1F8F11586E84AA5EA328CA438FD768A7FAFCFF10E3DE79E79DE3470E1CF9F391E1E12B5328D00C0D954A057B1F7E04866160626212FB0EECC3F8E838942482AEA588FC00BA92E0C081FD3075137D7F807EBF8FC9998DC8174A58595C447564048A6E606C7212B69747A55AC5E64D3359D0C842F5F7C308438A724A1E9E5E07557D8BA2280BA76AB4537DDECFDDB8DFFDDE9EABB6CE4CBFF5CB5FBAD90DBB4D140A0524698AE1D149B4DB6D282AC47307FE0039D743BFDF85635B58595A40B55040A3B986248A71E8D0611C39761C13531BB07DDB6938B9300F3F08B1F3ECB36168064CD781E3E550ABADA25CADC2711DF0C58B8522366DDE24AF99223D4503A307286F5434E59A5335DCA93CEFE766DCD9C5CECEA5C585BFDEF7F0431755CA05682A303654C6ED5FFA02D43440A15A8657A822491539E2FCBE65BBE8FB0182FE00BAA1C1D4542449842008605916FC2082EB38501405711CC3364C2C2C2D230E4398AE2B5F1F1D1D4518C7E80D0628962A5035155EA18452B188E94D33D014F5D413A282DBA0287FF8F30A153F17E37EEFC1A3AFD234F5BA380A9423FB1FC1813D3CFE3A943841A7BE0CDF6F40094338B6894D5BB641350CA886055DD751A854D06E0D24FEAEADD5502A9780248569EAD05503B1128B1187AA55D45696E1992E7A833EDC9C8756AB83248D31323A8E5EAF877CB104428C7AAB09D3763031350DC3D2B1FDB4EDEB71E354FC4DF0"
"18993";"89504E470D0A1A0A0000000D494844520000004E0000004E08060000008EAA201D000000017352474200AECE1CE90000200049444154785EDD7C0798656595ED3AF9DC7C6FE5D0D539034D6A101A504045F2C8E0306F06D427303A800EA0A4E1092841463262071A1A9AD0D0802288083AE49CBAE99CABBB72BA75F3BD2787F7ED7DAB79388A6974E6BD577C7CD5A9AACED96787B5D75AFF11F0DFF4F1F8DA4AB3E0BB0BC500FB0508E788A2382D0CC30E4110E604410008020001A20084618000C23649148743DFDF2388C276410C377882B3E68C83DAB3FF1DB74057F75FF6F1E45BB9E30311C7876178AC2008FB715420708C285802072B842088FCE761E8F39FD1EFBDD08718D6FF5E9244F87EFDEF4260A324882F8982F8FCDF1C9C7AFEBFEA66FEEA817B71636E91AACA678608CF2BD702C1F129404010526042841027B28A928C2E27E0A0518044514218023E284822679E1802A248BF0E3946F46B0421045140E007A120884B65495C75F281C9B7FE9A41FCAB056E738FFD8FA16F5F108AC2A27A1C44541D0F861DC0F13DF8BE00172228744228200803CA3D0E962449F0431F54B114480AA84F810CEBC1A5A0D1678983590F207DD4B353802086989C8ABE955183255D1DDAAABF4600FFE2817BF2BDEC99514DBC2C29840BEE5D720BA64F9B8DD953DBB16DEB66F88108D334D13BB807471D71181289460882849EE15E0436D03F3C84D6AE1938F0A04548B5B5C1F143B87E406985309C08CA44E02868146C91CB9AFA2095B00408016431C4EC8628042184AA881B640437B536FF6503F8170BDC931FE48F14435C2B88E231A1EFA2DCBB0DFBEC7F20F203BBF0EBA7EE43674B0BDEFF601D5C043860DF7D901D1B862F48686EEF405F4F3F76ECEA463CA6418F44B0674F2FBA264F81EB85C8576A983E75365E796D1D963FF5244241E532A780F961C059C7D946E9188AFC5991027446750E1C653BFD5B45085E96355C3DA525F2C65F2203FF22817BF2DDDC4D1070293F712AAEC08598EFC7CE6DDB31AD29C0A6CD9B3063EA54BCF0EB17A145643464D2D8DDDD8D233FFD59F40E0D711FDBB861237AFA7AF04FE79E8DBEDE012C3CE4503CF3EC33983E6D265E79ED759C78C229787FED0710341D0B171E81634F3E0BA5C04318CA1C206A8FD4072511D0641F5141861806884554F88187882C81AE6E524BE46645132EFBCF06EF3F15B89FBF573A2494C22542182EDCDB6324C145B67B1BD6BEF973A40213D366CDC0934F3E8552A58AA38F3D1ADDDBB7C1F37DC413297CFAD8E33038D88F6D9B3622DDD08891D16198950A0E3AE410E8D1288E3BEE04FCF4674F71B9EEDCB113CDCD6D8844540C0F8F200C80ADBB77E38E079F812F45E00521628A0711121AE33A52110DB22CC0B70AE868C92010804AC5E1008A92B006BE7F9E1A53DFFF7303"
"18992";"89504E470D0A1A0A0000000D4948445200000074000000740806000000549A1627000000017352474200AECE1CE90000200049444154785ED4BD07B85D77712DBE763FBDDE73BB7AB15C64E38A6D9A8D631B4235C510EA9F1E5A48FBC37B94E48181904A098680C1606387EA5E402E72376E58B264C992AC7A7B3FBDEDFABE35BF73657890420209B9FEFC4957573AE7EC3DBF9959B366CD6C0DFF83BF3EF7B5DBB36E189D00233A26E638EBB428586984DE88A15B255B8B0A09331876AC10A669C0D1014D03344448C66353AEE72ED9766C1E5A30E976FC313F080E00DA5E2BA13D79FEF9E757FFA7DE16ED7FD207FFD4B7EED9ACF9DEF343446769BA767A14851B114688A2083A3498BA86B8A543D322449E8B9463C3D6036808908E5B300D1DBA16219B4EC23074F8BE2FFF7B9E0F3F08D4EB88D5A37D80F6A8EFF93F0D74DCFBCA57BE64E7FF94FBF43B6FD04F5FBEF5155114BD045A746114452BB5484324F73C927B1C8621344D43148530341D8E6988614D00A616226E99D0220FA6EEC2D42318D0904E38701C5BFE5D1806F05C1F41A80CAAFE2C54BFD775208AE007E1986E685BA230BAE5E5AF7AC90DBFCBC6FD9D34E85F7DF3CE0B7C84AF8FA0BD46D390568132028D19462120BF975FE4CF79F34D93265CF65440D768D008093B86B463A1DB69408BBA62D4846D226E5BD02D1D6EB77BF460D090342063731004625C9D3FD57531B26518FCB56E9AC68FC208DF7BD945BF7FDBEF9A717F670CFA575FB939DF31EC7719A6FE760DD13192F096BF340DFC8E866388E5CD35E4E6AA1029C6E6DFD120A1370A7C189A06C732E4EF973269B89D262C865FCD83C57C4AE3CB7BF40C150574770411E0FB5EEF80A8F7E47BE9BA2EC6F53C4F7931F81ADADE280A2E777CEBB297BEF1A5E5DF05E3FEB71BF4926FDFB92EF4830F02F890188D0EA1C91D57DF682AACF2CF968DCA1BAA1C4747E07B121A0DDD10C332EC1A74DF3082A90331CB81AD0309DB80011FBAE64147207FDFD0790018527D15B20D5D0CB8EC9DF448CFF7E17A9EBC976918087C1F41A4A24208BE8721BFF77DFF8B308C7F7CFDEB2F3AF0DF69D8FF36837EFA1B77AE42187E181ADEC7F81844A17897E44365C79F73D067BE13E0D2CB6D9245E941FC5E57FF9637584788B54383B0CC10DD8E8B46A38DA4652295B401865D2D4218F8E29D8842F1BA20F0605BD6D1F7A551F93E5DD795FF97DF57A20420465FCEDFE2EF91CABBBAA67D25D0DCBF79E31BDF78E4BFC3B0FFE506FD3F3FF8816D96737F091D1F3D6A1C5D83EFF3066AD079E28350011F013BEA06F2E64AA8A3016938C380E33848241268D4EBF0C340BC98E1D1B10D8CA493B08D10861EA2D309619B1A5CBF29B993A195FF1EE2B13AFCC043B88C727B56F08240BC9128981ECACFC18FC2CFA87E4FCF0E7AB99D0181E0"
"18995";"89504E470D0A1A0A0000000D494844520000003A0000003A0806000000E1BB4A28000000017352474200AECE1CE900000044655849664D4D002A00000008000187690004000000010000001A000000000003A00100030000000100010000A0020004000000010000003AA0030004000000010000003A00000000A3ABABF400001EAE494441546805B59A7990247775E75F1E955959675775F7F4317D6874329246B3488018633CC28003A4C566D747B0D81CC162C38237C25EC27FACD1622470EC7A377617220C61B30E8738CCCA98080362091B4B803492758C468C6646487369BA67FAEEAEAEFBCAACCCDCCFCB9AD6EA0EC9D6E64C76556565FD7EBFF7DEF77DDFF14B43FE3F1C9FFCE4A7E6A328DE6F9AD6B59C571986312F86316B9846C91073C4B66CE17DB59E9AAA3DE45E7FE1D47AB8D0CB144FC9E8F871595D7D5CBE78CDF9D77A59C66B35E015B73EB8777FE3D03B8AEDD58396651CB02C73DA320DE463064E84E58FC9AB25A6694A1CC7E2D8A648B624EBC1883C94BA4ECEB973E26F6C2EBBA5EC83BFFF16EFDEB7140777BFE70DD34FBD166BFC670B6A7F76E597AE0D9EF895BDF5877ED96B6FCD981636B34CB1394D153491335649F9AF82EAAB81A021DFDB92721CF15C47365313F20FF69BE4EC06B28F17E5C3579BF2AB5798E78320BCABD535BFF3DE03BBEFFEE708FC4F17F40F97DE661673EFDFDB3CFABE6B2BF7E672FDAA1808291223A4C5A902C5CF126CF85E17AB828651C83D29B16D600C941D1473C2D92BF7D566A55D9E92DFBDDE9677CF19F2C0D9BE4C95D3CD2395F84E6FFDE437BFF0EFDEF6131DE3D51ED6ABFD41F9B34B33E3EFFAF79F9AC8C49F9B1B2CDDB4B7FEA8331A562595B2C50292C880A5F41CBE5788EAF9CC9158936B612426EF130BA31C2E48C3C8C9F95E4932A511F9D5ABD3526B04D20E2D711DCB3D518D6FF0C28DB7BFF3CD9716F7BFE1DA538F3CF048F399315FC19B5725E8BB3EF00737078F7EF5B6FC99EFFFF615DD138537E46A3293B7259BCD48DAF31218E29B622482A980CF5DC150E058A270C0171127564E1482C071240DB3240BC19864464B7260B725790B6530DE523D94DDD95072FE6A5182959BB63736AFBAE6F5FFA27AECC8D133CF9DE1A53FBD62413FF09B1FFEF8A1EF7FEBB695334FBC7975F1B49C7EF2A8AC2D2F8AE7A525E365106A6821F54D0BE8AA7346C0538FC45777FC13E9C3C120B93F0CC3446813E82A0AFAE2C9C2604C56ECB29CDE0C653E1BC9981BCBAE9C2183602083E6AAC4DD0BD2EDF6AF4C39F61BDF72F04DFEC3F73F7AE4A5C5FB7FDFBC22416FFDC3CF7DFAFF7CF77BB76FD56A5321568811228E62E956B7A5B1BE2C0E84922B1419152112E1E24438856F88F5822048665405A855D593F5B0807BB95C1E7EE0AF1FA5E4E9704206C5513930654A2A08A5E01872"
"19993";"89504E470D0A1A0A0000000D4948445200000090000000900806000000E746E2B8000000017352474200AECE1CE900000044655849664D4D002A00000008000187690004000000010000001A000000000003A00100030000000100010000A00200040000000100000090A00300040000000100000090000000003F3F0A8800004000494441547801E4BD079C9D7775E6FFDCDEA6F72ACD8C34EAC592D56CC95DEE55EE0D301882C11842D9241008B6434B23044276971208B8E382C10D172C1749B67AD7A88FA6F772676E6FFB3DAFB2F9FFF3D9CD6E0A2190BD66C4945BDEF7FD9DDF39CF79CE73CEEBD2FF638FF537AC6F9B9E9E6C4B44D33332B1587355796583D7E7AEC9E7F3D5B95CA6DC2557D9E0F05038E0F7877339AF572E9F7C6E5F3697CBC6B954F192B2C8C4CCF6E6F181D1A1E15C3E339449B9FBA28353DD3EB7BB2B9BCD9ED8B76FDF89FF972EA9EB3FF3C9AEBE68E182C4747249B1BF74713C955A98C9E5E6BABC9A17292E516A3AAD4226AB80DFCB25C8CBE57229954AC8E3F1A8AFAF4F9595959AE239C545E5CA65F24A24E20A04022AA92852F3EC268D4F8E39976E6C6052615F58F1E9843020E5F3990E9E77B8ACACF480DB9DDB37363DB977D7BB070EFE67BDCEFFA90CE8DCAB57B5E6739935C5A591D5B1A9E44A97BCCB73A964309F2AC8E30E289EC220CA230A47C2EAEBEE934F663C92D7E3522693710C28180C622C09150A05E5F23CC31390DFEBC730F2CE9727EC55655D99D2185BA1E0D278DF281ECA2FB7C7C7DF0B4AA7532A2A8AA8ACBC58F14454434343C96422B3B320F7B640D0F76EA824F0CEDEAD874FFE6731A8DF7A035ABB72E5C2AC3B77BECBED3A37EB4AAFF305BD0DC17048939393780CC20F9E25164B612A2CB05C2A2E2E52269DD5D4D4944A8A239A8E4D2BE0F3CBE7F3E169D27299E1E472CA6230C525D53CD7AD787C92DFB9E40BE4545C53AA5024A46432A95422ADA9F1181E28A46C32A74CCE3C9A5F7EDE2FAB98BC5E8FC6C726954965E5F2487E7F48E1B0AF2F994ABF1D9F8EBF190A956DDCB367CF81DF6663FAAD34A0B5172F6BC8250B97785CBE8B3389EC7AAF2F5033159B52A4282077C04251523915D4DAD6A2BEAE4EA5585CBF3B28370BEAC66B44C7A7545159AE3406639EA5B82482F16459C7BC4218C06434AA5436C3CF78165798D094C4E348550D25CAB8D3F207FD7C4646F94C4E416F4889684CF9AC791FDE0FE3ABA9A951B610C780BC8A4E4E637C050C7ADC31C2BAFA320C3BA4D111425F3832944AC45F2DF2B85E71B90A2F6FDA75B8EFB7CD98D817BF3D8FAB7F67DDBAD56B977C646C247ABFD715F830807771229E8AB066F816815FDC8412B73C5E370B9EC2CB4CE359F80346E307BFD82263572A64F30A07439A9E8E3BBFF7B1D0806470903DB7E0189579139EAA60A0C831840C"
"19998";"89504E470D0A1A0A0000000D494844520000006C0000006C08060000008F6657CD000000017352474200AECE1CE900000044655849664D4D002A00000008000187690004000000010000001A000000000003A00100030000000100010000A0020004000000010000006CA0030004000000010000006C00000000F9DBDA1E00004000494441547801D4BD0794645779EFFB55AEEAAEAECE394C4FCF744F4E1ACD8CE248026592858430C63CF0B5C1CF602F6CC3355ECF77AD07D7F6BD0ECF06278CC1172E98604C122021148C0669248D469373F7F474CEB13A54E88AEFF7DF3583C1068C6DB07D8FD4D3D555A7CED9FB8BFF2FEC7D3CF67FD0F1D453C72A0365E19EF842BC7B7E6AB2D353F47698A7D8EAF158BDCFE3ABCF15F315056FB162A0BF375057DD6099623EDB58D3B0924C2456169617662B2A62B3834303E3A96C76A4BBB36B2810085E4EA7337DBFF99BBFB8F47F0A193CFF9907FA3FFFE7073BC381E8F58140E83AAFCFB3271229DB16298BB6A75657AD5864E485A285A2118B27E256C8E5EDD8999336343A6A6F78E0A76CA8BFDFDAD6AFB3F8F4BCD5D5D4DBE0D0156B6D69B7503064E39363565D556DD95CCE56565646BD5ECF79CE3959198B9DF0E402C77EEE971E18FACF4A17FF7FB6817DF00F3EBA3B1008DF9E2FE46FC9E5B237AD65B3CDA9B5352B14F2565898330FEAE4F705ACA6B6C6C2E1B05DE83B6F43E323D6D2D6662F1E790906240D95B2DE2B7DF6F2A9E3B67FDF01DBD8506B89DED386A25982CF7C3EBF2D2C2E587959B9ADA553EDE9B5B576BF3F70AFC7EB37AFD73BF9E77FF69917BC1ECFE1A2C77FE85DEF7AF8D47F261AFDA7D0B0F7BDEFF73AA265E17BACE8B9DBEBB53BBD3E6F95CFEBB3603088468421B00F8D2A5A3010340FFFCD2F2FD8CBE78EDB819B6FB6CF7DEA93363D3D6707EFB8CD9E3F74C802FE80DD71CFDDF6C8571EB1B696667BF0E137D8E38F3F694B8B8BF6C0FD77F3ED90854261CB66B3307019A655380686C2112B168CFB144AC251C859D13CF140C0F774369F7FD26BFE27309D23FFD1CCFB0FD5B0DFF99D3FBD2197C9BF36955A7D75A110D8515951E33408AA42B4A2ADA21117FB2E5A595999D5D7D69B3F108069015B4C2CDAA38F3DC1E749DB77E080BDF4C28B96CD6461AEDF2A6315B6BCB464EB3BDAECE683B7D9D1232FDAE1E75EB0EBAEDF65A1F20A5B998B5B4D4D1DF7F1DA0A8CAFAEAEB5B2F2A8E5F379FE5EE67D1FF70999DF1FB48A586515EF3F04131F2A147267FFF00F3FF2682291F8DAFBDFFF9E23FF518CFB0FD1B00F7EF013B7E7F385878A85E20388744B269381F84BE293D554D73BFFB49A5CB16472D5163083151515CE7C196704604A22BF66879E39646DEB3AACB9B905CDC85B3295826919DC5AC1FC68674D6D9DCDCECE5A2A95B0602864D16885B5E0C302F982F9"
"20059";"89504E470D0A1A0A0000000D49484452000000870000008708060000003CE74A0A000000017352474200AECE1CE900000044655849664D4D002A00000008000187690004000000010000001A000000000003A00100030000000100010000A00200040000000100000087A0030004000000010000008700000000DA3CA42C00004000494441547801DCBD7990A5D755E079DF96FB9E599995B56FB2564BF2265BC6566303C6206C7ACCB47004C4C034841DED89EE193774133410E3800EA07B180C0D41377FD0D10C4C0FD8D860DAD8380C21632459926D49D66E954AB5A8B6ACDCF77CB9BC37BFDFB9EFAB4AED25595EE0567DF9BEE57E7739E7DCB3DD73EF574AFF88D3EDB77FA4BAB0B0F7704F7FF7A19E9EEEFD7DBDBD7BBB3A3B76D5DADBC76AD5EA8E52A534909AA5FE662375361A9B9D5B5B9BE5CD8DCDCD8DAD8D0DAE9752332D365379A6944A53A5D49C6836D3D9B5CDC6E9B59595134B6B2BC7274F378EDE76DB6D5BFF584158FAC7D4B1AF3EF4F9ABFB7B7A6FE8E86CBFBEA3B3E3BA6AB57C75B9543E025249CDD46C34D2C6C646DADADC4C9B5B5B69935F082235E27C2B3578BED968A60DAE37D6D7D3DADA06BF4DEE37D3DA6A3D2D2FAFA59595B5B4BE5EE7BD466A341BC778F668A9D97C3895D2435BA5E6FD3FFB2FFFDDE3FF5860FA0F9A38EE7DE4F69DE323836FEDEEECB8B95AABDC542AA537364BA90BAC65446F827010BD25F2218A4C0C20B5E1BD465AE79EC7C6FA1608DF4AABABEB4100AB1042BDBECE3B9B81E7209ACD460BE74DE820482D35A13A8F6D6995A75F4EA9742FF5DEBD55ABDCF96FFFB77F7B7EDBF37F50A7FFE088E3777EE73FEC5A589E7967ADD6F98EFE81FE5B4A95F291CE8EF654ABD552B5520EE0576A95542957E00E7005B841A9853F8962635DE200A9E4DC807882603625260407CF1127203CA50A65416C1CDC0F22C8A06A22838234B867D93EBB94476249713F2A28959E24EFDF21BABE5029356FFFD7FFFA17CFFC43A28E7F30C4F19BBFFD6BEF06B0EF86DDBF6B6BAB7E75A55249BD7DBDA90A5188A00687620374C6E175A999115C8C6E115724116A5E7F3282BD9268BCCF7B815D5FC80400DDE4674DB849EB9DA2DC8248CCBD05A1494017CBA7AC9CAFF9286DFA7CB55CFDDCCFFEEC2F7C96ACDFF149487CC7A68FFEFE47C74BF5FA7B41E07B00FCAD02B95E5F8BD15DE666677717DCA292CA1EE5322204448AC2921C04C48398EDA94066BEC753F255AA1590570AF1B20505B4416CA632EC267392AC8B48001E26CB298EE25A62507CB5B2B4B8899933E7319FA9C565FEAAD9687EBAD158FFD42FFCC2AF9ECB4FBEF3FE7E4712C76FFEE6AFA144AEFFC85A7DED7D88869B02891040B5AD160812EDEB288C4B0B73697C7C67AAD4DA03C9DE0F0228CB118A03028183C47D7AABB891983636B6D2F2D2"
"20060";"89504E470D0A1A0A0000000D49484452000000870000008708060000003CE74A0A000000017352474200AECE1CE900000044655849664D4D002A00000008000187690004000000010000001A000000000003A00100030000000100010000A00200040000000100000087A0030004000000010000008700000000DA3CA42C00004000494441547801DCBD09B8A5675DE0F99EED9E73F7AD6E2DB7AA527B2A953D210924C8121012C0444003285171A071941E677AE6F1E9B1C7791EA19D76A6EDE9679CA7471BA607BBDB1668824464136212C02C102010421692DA975B75EBEEFB3DF79E657EBFFF77BF4A50545450F0AB3AF79CF32DEFF2DFB7F73D85F48FF878F9CB7FBDDC3772725FBB58DADB6EA75D8554D8D96A37470B296DE1F3482A14060A85423F20E8E4BDB3DD6E17F9DCE0B5CEE745DE17383FDD6EB5278BA5E2784A85B142BB753AA5F6F152B170ACD89879F6AEBBEE6A72DF3FCA0338FDE3397EF4756F3E54EEECBC2AB5DA571652F1F262A170A8502CEE07C109645F98A8DFF323FFECF5FCBE62B1985AAD56DCE2E7FC9A27FC5C2E9737AE178EB45BE9C942317D33A5D6E3A5D4FEDA1F7EF07D4FE76DFFB0BF3F07A51FC299BCFCB5776C2D972B37150BC51B41D00DE0ED3A10DC951000223A47B6EF1E39A27DCFCFE5F7783DFFFC571187F7954A2588A34D7B90431055467810D40A3D7DB9D56E3F425B5F5C6B141FFCD45DBF73CE677E188F1F3AE278D5ED6F194DC5C22B10F53703F097160B1D996448727A86A4422A052E44B287488F57B17D412288D4FCFA05C9C0395B10F9C542E582B469231EF2767CCF89CB369BCD66B4A934B19DFC150FA474988E3F9F5ACDCFB5DAE5FB3F71D7BF3FB371FE87E2ED8786385E79FB9DB722BA6F4555BCBADD6E1ECAA15B286484E0F71C3122B38028C90F919D1F2234270ACFF95D159249039FCB0849E9532CE6F71652A3D108752231788F47AE7A2A954A7CCEFBF79E20B00DE2F43E9496EAE71EAE7DE6D31F79FFA7A3811FF03F3FD0C4F1925BDEB8ADA3A37A7BABD5BC0D34BEEE02E2424A649015F022BBD9E07D8308D6D7EB81C01C6972B547BB5D48D75E7B6D7AECB1C7E29956B3959AAD8CF3BD776060304D4F4F05A26D4BE0ACAFAFF3AE1A69A55AAD9666676753B55A8DF61C8F44E0B3BE4B1C8EC5FEFCEEB3BEFB6C7EAF0F369A8D4F22C43E5128B73FF6D1FFF2BEB3D1D80FE09F1F48E2B8E5F63BF7A752F9270AA5E21BE1346C8976AA349A0178810F8E4383B49010023FB8BA544E0D90E1BD1E222308A79C9D0B69813410617E7EF9AB7F347DF99147D2DCEC4CAAF07DDBB66DE9D4F1B178D63FAD76E30282B76E1B8AF3CBCBCBF16E17D55A35CDCF2F066174970BA9ABB333ADD6EB696969299537086315A2CA08A598FAAADCD3DD956AD55AEAE4DE72A59C3ABA3A1EC1EBF968"
"20061";"89504E470D0A1A0A0000000D49484452000000870000008708060000003CE74A0A000000017352474200AECE1CE900000044655849664D4D002A00000008000187690004000000010000001A000000000003A00100030000000100010000A00200040000000100000087A0030004000000010000008700000000DA3CA42C00004000494441547801DCBD09B8655775DFB9EFF0EE7DF350EFD53CA94A5249A512428010026C1C832122B2708CDB988EFD7D4EC76E3B76C769A7F9883B099DCEE774B79374D2431CDC38ED8E9BE0104FD886C6C698D8603348080848682851F33CBC7AF5E677E77BFBF75BE79E57AF8A2A101863EC5375DF99F6D967EFBDFE7B4D7BED7D0AE92FF1F6D15EAFBCFD7CBABD594CFB4BBDB4B75C4EBB4B29ED4885B4B5D7EB6DEEA6C264BB93265AA937546F16869A9D546C177AED4EB7D02AA6B4522AF696699EABBD6EE14AB7982E753AE97CBB97CEA66E3A493E27160FA4236F29143A7F599BB0F097A9628F9DEC1DECF6D28BA9D47D9D6EBAB750480787CBBD3B462A295507522A150BA947822E373ABD94BA1C77DA2935DA593374522FAD3453EA71BF5CECA522FB6E97FBFCBC479E0960C556023DD5523AD6ED169E258BA75BADF4451EF9FC5FBDAB70F82F4B9BFE8506C7474FF4B60D16D2AB0606D22B078ABD0721D403ED4E6FB80051DB10BE0818C600C6701960D0D5A16F6AD1F5D79A5D0F53AF58E23C256EA7A1C18CEEB5562F35BD56B2697AE45348359054873FB40187C0F1E10A48A890A73FDF977A3DF6A9562CA6CF940B852748F378A39C3EF9E096C24532FA0BB9FD8503C77F3EDDDB51EBA5D7B6BAE93B110DAFA994D31D03506500B951060C4D0929819BBD54A29B8F43F4E12AD594806C6B6BEDB4B4B09A1AA0A2541E4843C383690A04C105E0128006962087E8C85582531412D9A51A801124889C001A1C290DC03DB21F1C2980246EE436A4EB1552BD9B8E760AE98FC1D9C75A297DF475BB0BE7FE22A1E42F0C38CECFF51E06140FD79AE90D10E9E01AADDDA0E5EDB100049191F57C7B7A036AB6E8EA03280703BD566AD65612B7E124C5545F5D4DF5A585545F594AED763315797078B89AC64746D34075304DCC4CA6B14D53A950AEC041BA21564A650002501A700F458C201CAB66E090F3C851EA9447005A0E37C5508DF482041027B8C9B394F32360F5C32FDD5DF85096EA5BFBEFB734384ECEF6B6D3B9DF84FC7FB4D02B3CA29ED0A6A125D41ABAC172839E0B30A01D442E843A506FF4D2D2722DD5F8F59A8DD40008CB0B73A9D0E6787539D5D66AB28854EA75D1379AA983D2D145D31C1A1A4A2323C3A93A3A9286C626D2D65DBBD3D8D4A6B45AAFA5C9A989541D1C4C1D882F57CA0092D220EF56276901821E80918B28AE5A7218F65D8091E9280089F2C99D283EDC2DFD2E5CE983A99DDEFFC0"
"20064";"89504E470D0A1A0A0000000D4948445200000065000000650806000000547C2DCF000000017352474200AECE1CE900000044655849664D4D002A00000008000187690004000000010000001A000000000003A00100030000000100010000A00200040000000100000065A0030004000000010000006500000000957D3CB200004000494441547801CDBD079065E775E7775E7EAFFBBDCE797AA6BB270F30C81914008A41CC02C95AADB4CBB58A2B95BC544932AB44532AABE4954C96CAAEB5D6F2D25C9565AF4B2E53D48A5AB1A81505128120088020400003603098D83D793AA7D7FD72F6EF7FEEEBE19004088008E2EDBEEFDD77C3174E3EE73BDF7743F633BE7DFDEBCF0EA452F903D14A76F7E2DCEC54A198DF118E24C662F1C47047BAA737D595E9C9747727FAFAFB63A978BC6191483E1A4DE46389D44A341E5DB65073AE231EBF7071B976F6FBC7B233F962F5E46F7E7CF7D2CF72B7433F6B8D7BF8896313439D8DDB37D6576E3E3333737D6E7DF5FA56BD34106E55AD5A2A5AA3D9B07AA365F5A61988B15447A775767458341EB7502864B158C212A92E4BF58CDBC0F8A48D8F0F587F4FCA0AA5BA7DFFA5AC9D9E2D2F8D0FC68EDC76B0F7B956C30E3D767CF3E97F7ECFC8D99F2538FC4C20A5D56A5DBDBABAF9F3C78E4DDF7DFECCF45DCDD2F248B598B5ECDA8A9541443C1EB358346AA156CBACD5B45AA38D18BE5BCDA685392D8484C3424ADC6289A4C5527DD639B8DBA60E5C63D75C3D65DD5D497BE9F4A63D3F9DA78C96DD794D0FCF983D7BA2305FA9D79F88C5C28F82B847FEDB5F9C38FA4F8DA07F32A43CF5D47457F770FF87766DEBFA40A55478EFCC896323C78E3C6FABCB73D6AC95AC562E5BA55C047061E788161C22A484206FF060E56ACD2AD5AA45B89E804BA2E1B023CCAC69CD56082916B370AAD7BA87A7ECFA9B6FB6ABAE3960857ACC9E3996B5F995AA5DB513EE8A989DBA50B19E74C4067B627666AEBCD8990C3D30399ABCBFB6B9FE8D9B6FDEB5F14F81A0B71D29A55269EAC262FEE3E7E68AF776242377F5274BB672F1A49D9B3E66EBD96528BF0E422A562C14017ED3B9A4D1000B70480C4E08858498B0952A356BD41B0036ECBB30D5A805E7906E20868F70D412E92E1BDBB1CB765F759D8DEFDE634BF90E3BBBD4B44C47D8C23CBBB6D1B29D6371DB35DE6147CEE46D69AD62BD9988A5A2ADC7C2E1EC3FA4438DAFDD72CBB567DE4EE4BC6D4879FEF8FCE4C468CFAF7467E2BFBCB651BA7EFAFC9AAD2DCE5AF6D2112B652F5AAD5AB63A40AE552AB699DD844BCA164F260C3C70AD661138A15EAF593C16B58E44C28AA52AE7EB1636901442840135DD032640885943A28DDFB164927252964AF7DAC0D8B875F46DB74233030E1187896E33F66B7677DBDEC98C4D5F2CD89199BC954A65EB886C5A5F67853DF6FCC4"
"20062";"89504E470D0A1A0A0000000D49484452000000870000008708060000003CE74A0A000000017352474200AECE1CE900000044655849664D4D002A00000008000187690004000000010000001A000000000003A00100030000000100010000A00200040000000100000087A0030004000000010000008700000000DA3CA42C00004000494441547801DCBD09B864D75DD8796AAF576F5FFAF5BEA8BBD5526B972D599215AF188F1DC784316008F00D0C3830061CEC3004483C5F34997C0349F806F299C0109689870C030C382CC60B062C19CB96B55892A56E49DDEA4DBDBDA5FBED5BBDDAE6F7FBDFF7645956B724AB25CBDCEE7A5575EBDE73CFF9EFDB392797FE1E1F9D4EA778E6CC993DF97C7E77279FDF993A9DED9D5C674B2EA58DB94E6E434A9D8194CBF7A794EFCAA54E5727B5F3DCD304248D5C2EB7904BB9F97C2E37C5F7739D7C1ACFA5FC997C4AA7DAF9FCF17CBB7D6C7878F830D7B5FEBE821038FDFD39CE9C39BEBFD3295D0F015C97CB15AEC9E7D2FE76A7B3D7118244FFF22F9F3AB936EF1C60FCAB07A491C0739BD3FEEB74E227EF88FFDC0F91713764C42F791AA7D123F942E1603E977F34E5DA8FB473ED0747FA461EFF6A9BDFDA9F0246DFAA43989838B6A9D92CBE1E3CDEC6185E0701DC04E26A6D1059C8AD235E5483628903C42329F8DE4E488484F4E02BDF69C07F6B94119F21AAD4697B03C4F20C421160DE0B412067A48F8C68D6DE97F9ED3E1AB8B7D3C9DFD36A15EF1E1DED198B46BE05FF7CCB11C7E4E4535BDAEDE25BDBEDCE5B80F71B411C920144668C0EB21912AF42AE98215E1A9110E0793E048ABCD457AED58EF7200E1A503288E41C3FB6F9D76A35E32E6F92587C485CDBF66EEEE739713D9F3BF10C1EEDBF7C213B9FCB3DC9F9BB729DCE9DB4F0D9919191D3DEF7AD727CCB10C7C4C4997700545EB9B783A8FD815CB837D05E2C809D766AAEAEA6A5A5E5B438B798E667E7D3C2FC425A5E5C4EABCB2BA9D16A05624B5C5BA9D5524F7F5F1ADC30947A070752B55A4D6DA4C4E4D9F13433753E81DA34383A9246368DA64AB9AC0E91BED60801B51274A2544106715FBB95BDFB3DA411FD0AC9A454E29FBDE43898CB753EC3F59F1E1D1DFDA4275EEDC7AB9A382627273703FDEF48F9CEBB41C5BB14E5726A1BD66E355B697171294D9E1E4FA78F1EE3752ACD4C4E43088DB402323AC562CAF3F2FA04BADB9813CDC66A6A2E2FA595C5C5B4B030930AABF5B479CF96B4E3CABDA1428E1F3A9A4E1D39CE7DF9B469F78E74F5D557A5CDDBB7A6A9F3336976722A9E992F1453A5AB9C7A7B7BD2E0D070EA1F194A031059FFD060EA82E8B04152ABD1E45AED5A0E9E5FE01580E64F07226EB55A7F99CBB53F9ECF97FE6CC3860D67B30B5F7D7F5F95C431313181AA687D171CFA1E40F63A202C7ED3C2F46C9A3B773E4D"
"20063";"89504E470D0A1A0A0000000D4948445200000065000000650806000000547C2DCF000000017352474200AECE1CE900000044655849664D4D002A00000008000187690004000000010000001A000000000003A00100030000000100010000A00200040000000100000065A0030004000000010000006500000000957D3CB200004000494441547801CDBD09D0645775D87F7BEFFEF6D9178D66D38C90105AC00203416291318BC06095591C1297ED2AA7526527AE84C4D928078B8AF32F274ECA899338762AC431A10C0916366671625B96ED0046460EB284105A461A49339AFDDB7BEFFEFF7EE7F6FB6624249084907933FDBD7EEFDDE5ECE7DC73EFBB5D4ADFE5C7073F7AEBD6617778F9605C3D341E8F0EA471DA3B1C8D76A752DA51299537D5AAE5854A1A35522AD52AA5349C6ED6561BD5F26AA95C3E3D1A0C4F952BA5638D5AF568A59C8E342A95FB1BA5EABD37BDE9EA93DFCD6897BEDB80FB67FFE50FF6A572F995B572F9DA94C6D794CAA56B20F8D6D1B89446A3511A8EC77116EE1A94F6331A8FD268384C65EED5ABD554AF55A83A4CD532DFEBA5D4AAD7A25CB5544EE54A3A59AD54FEB29C4A77A44AFA32B5BFF403AFBDFAC877131DBE2B98F28F7EF50FAF18974BAF1F0D47D723F9D7552BA59D1230954AF007FAC288F18429BDE128AECBE552AAA31A1554660853A20C4C2B51070DE2334AD3AD566AC094660DE6C03CEF27EE572A151838A66D58532E1FA7F2FF8510B795C6955B7FE00D57DCFD57CDA0BF32A6FC9D7FF799B961A57A63A55C794BAD9CDE0881760A4CBD0AF1A01DE40A02C312B992203BDA304A8311D7142C43FC2A674AF144A6592E33C5EF3493A69B8DD4A2F13A9F1A1A5482693284CAD485E17424133D64188C3E418BBFC79DCF75FA9DCFBCFB8DD72EC5C317F84F86E805ECF4A77EEDF70E8C06A59BC6A3D23BA0E2754AAB04CCD25DC2CC40303ED824D921FD8329B24502CA14CD98F52A94F09ED771F0DDEBF1600073F94ED9667998A6679B6934E8A72ADA56437BCAA129F0C6BE6BB568BF56A9C2B04C0EDBE0F3C7C0F43BA95CBBE56DD75DFA60EEE085F9FB8231E51FFFA75BF7AFA6DE7BC7E3F27BC0F89A906C7094006A461502A91D982FCE30806796D13CE5234B791FFA0F7A9D34A67C4D068C869820DA595D4E953A6C8293619AA8368659327C76BA9586FD1EF753EA0E8669DBCE9DA9DDEEC2906A6AA04D6AE0546B0A6659296BA10CF3037C7FC1F9E3C361E9633FF0DACB8E4C80F98E9E0A8CBF639D7CF0235F9C43747FA43FE8BFAFDD1BBDB20FA132C9CF7709EE6888769E33542CE1A4D59C2733C51A031C7A0FC2AA478D512FD546DDD4422BFACB6736249FE02075DA9DE8A0D1984A7D98A84674BB9E9B690B4C595A5E4DCDA999D49A6A443FB3B3B3D9B4514BE190219A3A6108E6A4D217919EFFD1"
"20073";"89504E470D0A1A0A0000000D49484452000000B4000000B408060000003DCD0632000000017352474200AECE1CE90000200049444154785EECBD079C65795926FC9C7C6EBEB7725775EE9EEE9ED49363CF901CD1214958155915575D603F450511FD14563E571197FDD8EFB7CA0A28C28A041925C31007192631797A42E75C5D39DCBAE9E473BEDFF39E7BAA6FD7548721076B28AAABEA86736F3DFFF7FFBCCFFBBCEF5FC1BF7F3CE377E0579E7FEDA658D53627C04615CA5A5553D728098613050309929AAAA8174351E4715524509238FD0A05FC9FAEE988920409E227E3048B9AA2CC154BA5E962B938695BB971B7D33E1A47DEE13FFFFBCF1E79C617F7137E87F45DFFF78F55DF81973D7FE790169A57A98A72B9AA289742C1F50036298A82EC9377E4BF932459FEAAAA6A0AE6EE57CBD0100401E238969FF1F6FCC8E56C94CB65F4D7FAE1793EA6A6A6D06EB7114511745D83AAE988A3E048ACE8F7A986F5782E977F34549587DEF3A14FCEFCFB9F6CF577E0DF01DDF3BEBC64D7CEED509367298A7693AA28CFD2346DA3AA2A48E2781984BD60CE8099013A7B287E9F81993FD3541586AEC9AF09EC4AB9827CB100D332914409A6A7A6D16A36615B362CCB82AAA988A358BE32AA0789022F4A1026BC0E15F30B8B478F1E3E7667A428771573F69D0FEE3BB2EFDF019EBE033FD1807ECE7336DAE5A0F20228F81928B8450136F7823205A602B51B513330675196519951971FFC7716959723B6AA0990F9BD6EE8C8E7F328E40B08C200A661C2F77D2CD5EBB04D1BB95C019EE72D3F86EB76C0870C7C1F2D3F82625A3871FC04CAD51AC6D6AE43215FC4DEFDFB71F12597E0D1C79E38A4ABE6578F9D38F125FF5874FB511C757F5201FE1307E85BAFDB5A5614F3E550B49F5315BC34A50C296DC8E8C332A85572E06EB4159A91DE98FFC5C28BD3FB689A86308C521AD2A5199AAAC0300C681A819C46635DD7E5368CC273737368771CE473160CDD86E707F07D0F611823084278BE8B288810441112CD80E34738393E2E4C5CD375ACDBB811575F7D355445C737EEBE1733B30BB2B8B840FC30F8946D599F8E92E22716160E367E92C0FD1303E85BAEDCF1724D537E5155D55F38055E725D46D6D52945067046E82EDE9781CFDF11A0A669228842A11851104AD4E5CFF929915C5561DB39B91D01CE9F753A1D011F3F09DC4EA8200C52202709BFFA08C3905C05491C210C34381D17F5665300AF1A26E224C18EEDDB71D9E55760CFFE83989E9D85D3E9607C7C5C9E83BB80AAA8A42D1F370CFD633333939FFC4900F68F35A09FBB73FB76454B7ECDD0B5DF08C370907F6802AD97561040295853D09E9EF065513981A6A4895E0A72151AF9ADA64A02A7419165910139BB4D148508E308490C447108DBCA2197CFC3755CF077866EC0713B58E804D06D43"